Channel Title,Channel Username,Message ID,Text,Date,Media Path,clean_text
Sheger online-store,@Shageronlinestore,7405,,2025-06-21T14:15:21+00:00,telegram_media\@Shageronlinestore_7405_1750609973.jpg,
Sheger online-store,@Shageronlinestore,7404,,2025-06-21T14:15:21+00:00,telegram_media\@Shageronlinestore_7404_1750609973.jpg,
Sheger online-store,@Shageronlinestore,7403,"👋** BARDEFU 2 IN 1 Multi purpose juicer

**👉** ኳሊቲ የሆነ የጁስ መፍጫ 
**👉** የጀርመን ቴክኖሎጂ የሆነ 
**👉** 3 ሌትር ጁስ የሚፈጭ ጆግ ያለው 
**👉** የብና እና የቅመማ ቅመም መፍጫ ያለው **
👉 **8000Watt የሆነ
**👉 **ምላጮቹ ጠንካራ የሆኑ 
**👉** ለቤት እንዲሁም ለስራ የሚሆን  አሪፍ እቃ 
**👉** ለአጠቃቀም ቀላል 
👉 በረዶ ይፈጫል
             
       **    ዋጋ:-6**800**ብር

ውስን ፍሬ ነው ያለን/ Limited Stock

🏢 አድራሻ ቁ.1 👉 መገናኛ ታሜ ጋስ ህንፃ ጎን ስሪ ኤም ሲቲ ሞል  ሁለተኛ ፎቅ ቢሮ ቁ. SL-05A(ከ ሊፍቱ ፊት ለ ፊት)

📍ቁ.2 👉ለቡ  መዳህኒዓለም ቤተ/ክርስቲያን  ወደ ሙዚቃ ቤት ከፍ ብሎ  #ዛም_ሞል 2ኛ ፎቅ ቢሮ.ቁ 214


    📲 0909522840
    📲 0923350054

👍ለቡ ቅርንጫፍ📲0973611819


🔖
💬  በTelegram ለማዘዝ ⤵️ ይጠቀሙ
@shager_onlinestore
  
ለተጨማሪ ማብራሪያ የቴሌግራም ገፃችን⤵️
https://t.me/Shageronlinestore",2025-06-21T14:15:20+00:00,telegram_media\@Shageronlinestore_7403_1750609974.jpg,ኳሊቲ የሆነ የጁስ መፍጫ የጀርመን ቴክኖሎጂ የሆነ ሌትር ጁስ የሚፈጭ ጆግ ያለው የብና እና የቅመማ ቅመም መፍጫ ያለው የሆነ ምላጮቹ ጠንካራ የሆኑ ለቤት እንዲሁም ለስራ የሚሆን አሪፍ እቃ ለአጠቃቀም ቀላል በረዶ ይፈጫል ዋጋ ብር ውስን ፍሬ ነው ያለን አድራሻ ቁ መገናኛ ታሜ ጋስ ህንፃ ጎን ስሪ ኤም ሲቲ ሞል ሁለተኛ ፎቅ ቢሮ ቁ ከ ሊፍቱ ፊት ለ ፊት ቁ ለቡ መዳህኒዓለም ቤተ ክርስቲያን ወደ ሙዚቃ ቤት ከፍ ብሎ ዛም ሞል ኛ ፎቅ ቢሮ ቁ ለቡ ቅርንጫፍ በ ለማዘዝ ይጠቀሙ ለተጨማሪ ማብራሪያ የቴሌግራም ገፃችን
Sheger online-store,@Shageronlinestore,7402,"👋** BARDEFU 2 IN 1 Multi purpose juicer

**👉** ኳሊቲ የሆነ የጁስ መፍጫ 
**👉** የጀርመን ቴክኖሎጂ የሆነ 
**👉** 3 ሌትር ጁስ የሚፈጭ ጆግ ያለው 
**👉** የብና እና የቅመማ ቅመም መፍጫ ያለው **
👉 **8000Watt የሆነ
**👉 **ምላጮቹ ጠንካራ የሆኑ 
**👉** ለቤት እንዲሁም ለስራ የሚሆን  አሪፍ እቃ 
**👉** ለአጠቃቀም ቀላል 
👉 በረዶ ይፈጫል
             
       **    ዋጋ:-6**800**ብር

ውስን ፍሬ ነው ያለን/ Limited Stock

🏢 አድራሻ ቁ.1 👉 መገናኛ ታሜ ጋስ ህንፃ ጎን ስሪ ኤም ሲቲ ሞል  ሁለተኛ ፎቅ ቢሮ ቁ. SL-05A(ከ ሊፍቱ ፊት ለ ፊት)

📍ቁ.2 👉ለቡ  መዳህኒዓለም ቤተ/ክርስቲያን  ወደ ሙዚቃ ቤት ከፍ ብሎ  #ዛም_ሞል 2ኛ ፎቅ ቢሮ.ቁ 214


    📲 0909522840
    📲 0923350054

👍ለቡ ቅርንጫፍ📲0973611819


🔖
💬  በTelegram ለማዘዝ ⤵️ ይጠቀሙ
@shager_onlinestore
  
ለተጨማሪ ማብራሪያ የቴሌግራም ገፃችን⤵️
https://t.me/Shageronlinestore",2025-06-21T14:12:57+00:00,,ኳሊቲ የሆነ የጁስ መፍጫ የጀርመን ቴክኖሎጂ የሆነ ሌትር ጁስ የሚፈጭ ጆግ ያለው የብና እና የቅመማ ቅመም መፍጫ ያለው የሆነ ምላጮቹ ጠንካራ የሆኑ ለቤት እንዲሁም ለስራ የሚሆን አሪፍ እቃ ለአጠቃቀም ቀላል በረዶ ይፈጫል ዋጋ ብር ውስን ፍሬ ነው ያለን አድራሻ ቁ መገናኛ ታሜ ጋስ ህንፃ ጎን ስሪ ኤም ሲቲ ሞል ሁለተኛ ፎቅ ቢሮ ቁ ከ ሊፍቱ ፊት ለ ፊት ቁ ለቡ መዳህኒዓለም ቤተ ክርስቲያን ወደ ሙዚቃ ቤት ከፍ ብሎ ዛም ሞል ኛ ፎቅ ቢሮ ቁ ለቡ ቅርንጫፍ በ ለማዘዝ ይጠቀሙ ለተጨማሪ ማብራሪያ የቴሌግራም ገፃችን
Sheger online-store,@Shageronlinestore,7401,"💥 portable electrical water dispenser

👉ባለ 3 press
👉 ለማንኛውም ዓይነት የውሃ ጀሪካን የሚሆን
👉 ቱቦው 55cm የሚረዝም 
👉 1200mA ቻርጅ የመያዝ አቅም ያለው ባትሪ
👉 መጠጫ ብርጭቆ በራሱ ላይ ማስቀመጥ ይቻላል

          ዋጋ:- 1600 ብር✅

አድራሻ ቁ.1 👉 መገናኛ ታሜ ጋስ ህንፃ ጎን ስሪ ኤም ሲቲ ሞል  ሁለተኛ ፎቅ ቢሮ ቁ. SL-05A(ከ ሊፍቱ ፊት ለ ፊት)

📍ቁ.2 👉ለቡ  መዳህኒዓለም ቤተ/ክርስቲያን ፊት ለፊት  #ዛም_ሞል 2ኛ ፎቅ ቢሮ ቁጥር.214


    📲 0909522840
    📲 0923350054

👍ለቡ ቅርንጫፍ📲0973611819

🔖
💬  በTelegram ለማዘዝ ⤵️ ይጠቀሙ
@shager_onlinestore
  
ለተጨማሪ ማብራሪያ የቴሌግራም ገፃችን⤵️
https://t.me/Shageronlinestore",2025-06-21T07:02:35+00:00,telegram_media\@Shageronlinestore_7401_1750609975.jpg,ባለ ለማንኛውም ዓይነት የውሃ ጀሪካን የሚሆን ቱቦው የሚረዝም ቻርጅ የመያዝ አቅም ያለው ባትሪ መጠጫ ብርጭቆ በራሱ ላይ ማስቀመጥ ይቻላል ዋጋ ብር አድራሻ ቁ መገናኛ ታሜ ጋስ ህንፃ ጎን ስሪ ኤም ሲቲ ሞል ሁለተኛ ፎቅ ቢሮ ቁ ከ ሊፍቱ ፊት ለ ፊት ቁ ለቡ መዳህኒዓለም ቤተ ክርስቲያን ፊት ለፊት ዛም ሞል ኛ ፎቅ ቢሮ ቁጥር ለቡ ቅርንጫፍ በ ለማዘዝ ይጠቀሙ ለተጨማሪ ማብራሪያ የቴሌግራም ገፃችን
Sheger online-store,@Shageronlinestore,7400,"💥 portable electrical water dispenser

👉ባለ 3 press
👉 ለማንኛውም ዓይነት የውሃ ጀሪካን የሚሆን
👉 ቱቦው 55cm የሚረዝም 
👉 1200mA ቻርጅ የመያዝ አቅም ያለው ባትሪ
👉 መጠጫ ብርጭቆ በራሱ ላይ ማስቀመጥ ይቻላል

          ዋጋ:- 1600 ብር✅

አድራሻ ቁ.1 👉 መገናኛ ታሜ ጋስ ህንፃ ጎን ስሪ ኤም ሲቲ ሞል  ሁለተኛ ፎቅ ቢሮ ቁ. SL-05A(ከ ሊፍቱ ፊት ለ ፊት)

📍ቁ.2 👉ለቡ  መዳህኒዓለም ቤተ/ክርስቲያን ፊት ለፊት  #ዛም_ሞል 2ኛ ፎቅ ቢሮ ቁጥር.214


    📲 0909522840
    📲 0923350054

👍ለቡ ቅርንጫፍ📲0973611819

🔖
💬  በTelegram ለማዘዝ ⤵️ ይጠቀሙ
@shager_onlinestore
  
ለተጨማሪ ማብራሪያ የቴሌግራም ገፃችን⤵️
https://t.me/Shageronlinestore",2025-06-21T07:01:25+00:00,,ባለ ለማንኛውም ዓይነት የውሃ ጀሪካን የሚሆን ቱቦው የሚረዝም ቻርጅ የመያዝ አቅም ያለው ባትሪ መጠጫ ብርጭቆ በራሱ ላይ ማስቀመጥ ይቻላል ዋጋ ብር አድራሻ ቁ መገናኛ ታሜ ጋስ ህንፃ ጎን ስሪ ኤም ሲቲ ሞል ሁለተኛ ፎቅ ቢሮ ቁ ከ ሊፍቱ ፊት ለ ፊት ቁ ለቡ መዳህኒዓለም ቤተ ክርስቲያን ፊት ለፊት ዛም ሞል ኛ ፎቅ ቢሮ ቁጥር ለቡ ቅርንጫፍ በ ለማዘዝ ይጠቀሙ ለተጨማሪ ማብራሪያ የቴሌግራም ገፃችን
Sheger online-store,@Shageronlinestore,7399,"💥GROOMING SET 

✂️ ሶስት በአንድ የያዘ የፀጉር ማሽን እና ሼቨር                                             
✂️ የሚሰራ ጥራት ባለው ግብአት እና ዲዛየን  የተሰራ 

✂️የራስ ፀጉር እና ፂምን በስርአት እና በጥራት ለማስተካከል አስተማማኝ ማሽን 

✂️በሚፈልጉት መጠን ለመቁረጥ መቀያየሪ ቁጥሮች ያሉት 

✂️ጥቃቅን ለስላሳ ምላጮች እየተሽከረከሩ ምቾትን በተላበሰ መልኩ ፂምዎን ያስምሩሉዎታል

✂️እንደ ምላጭ ወይም የፀጉር ቶንዶስ ምቾት የማይነሳ በልስላሴ አንገትና አገጭ ስር ሙልጭ አድርጎ የሚላጭ                                                                                                   

     ዋጋ፦ ✅ 2,300 ብር

          
❌ዉስን ፍሬ ነው ያለን
❌ limited stock

🏢 አድራሻ ቁ.1 👉 መገናኛ ታሜ ጋስ ህንፃ ጎን ስሪ ኤም ሲቲ ሞል  ሁለተኛ ፎቅ ቢሮ ቁ. SL-05A(ከ ሊፍቱ ፊት ለ ፊት)

📍ቁ.2 👉ለቡ  መዳህኒዓለም ቤተ/ክርስቲያን ፊት ለፊት  #ዛም_ሞል 2ኛ ፎቅ ቢሮ ቁጥር.214


    📲 0909522840
    📲 0923350054

👍ለቡ ቅርንጫፍ📲0973611819

🔖
💬  በTelegram ለማዘዝ ⤵️ ይጠቀሙ
@shager_onlinestore
  
ለተጨማሪ ማብራሪያ የቴሌግራም ገፃችን⤵️
https://t.me/Shageronlinestore",2025-06-20T15:25:41+00:00,telegram_media\@Shageronlinestore_7399_1750609976.jpg,ሶስት በአንድ የያዘ የፀጉር ማሽን እና ሼቨር የሚሰራ ጥራት ባለው ግብአት እና ዲዛየን የተሰራ የራስ ፀጉር እና ፂምን በስርአት እና በጥራት ለማስተካከል አስተማማኝ ማሽን በሚፈልጉት መጠን ለመቁረጥ መቀያየሪ ቁጥሮች ያሉት ጥቃቅን ለስላሳ ምላጮች እየተሽከረከሩ ምቾትን በተላበሰ መልኩ ፂምዎን ያስምሩሉዎታል እንደ ምላጭ ወይም የፀጉር ቶንዶስ ምቾት የማይነሳ በልስላሴ አንገትና አገጭ ስር ሙልጭ አድርጎ የሚላጭ ዋጋ፦ ብር ዉስን ፍሬ ነው ያለን አድራሻ ቁ መገናኛ ታሜ ጋስ ህንፃ ጎን ስሪ ኤም ሲቲ ሞል ሁለተኛ ፎቅ ቢሮ ቁ ከ ሊፍቱ ፊት ለ ፊት ቁ ለቡ መዳህኒዓለም ቤተ ክርስቲያን ፊት ለፊት ዛም ሞል ኛ ፎቅ ቢሮ ቁጥር ለቡ ቅርንጫፍ በ ለማዘዝ ይጠቀሙ ለተጨማሪ ማብራሪያ የቴሌግራም ገፃችን
Sheger online-store,@Shageronlinestore,7398,,2025-06-20T15:25:41+00:00,telegram_media\@Shageronlinestore_7398_1750609978.jpg,
Sheger online-store,@Shageronlinestore,7397,,2025-06-20T15:25:40+00:00,telegram_media\@Shageronlinestore_7397_1750609979.jpg,
Sheger online-store,@Shageronlinestore,7396,,2025-06-20T15:25:40+00:00,telegram_media\@Shageronlinestore_7396_1750609980.jpg,
Sheger online-store,@Shageronlinestore,7395,"💥GROOMING SET 

✂️ ሶስት በአንድ የያዘ የፀጉር ማሽን እና ሼቨር                                             
✂️ የሚሰራ ጥራት ባለው ግብአት እና ዲዛየን  የተሰራ 

✂️የራስ ፀጉር እና ፂምን በስርአት እና በጥራት ለማስተካከል አስተማማኝ ማሽን 

✂️በሚፈልጉት መጠን ለመቁረጥ መቀያየሪ ቁጥሮች ያሉት 

✂️ጥቃቅን ለስላሳ ምላጮች እየተሽከረከሩ ምቾትን በተላበሰ መልኩ ፂምዎን ያስምሩሉዎታል

✂️እንደ ምላጭ ወይም የፀጉር ቶንዶስ ምቾት የማይነሳ በልስላሴ አንገትና አገጭ ስር ሙልጭ አድርጎ የሚላጭ                                                                                                   

     ዋጋ፦ ✅ 2,300 ብር

          
❌ዉስን ፍሬ ነው ያለን
❌ limited stock

🏢 አድራሻ ቁ.1 👉 መገናኛ ታሜ ጋስ ህንፃ ጎን ስሪ ኤም ሲቲ ሞል  ሁለተኛ ፎቅ ቢሮ ቁ. SL-05A(ከ ሊፍቱ ፊት ለ ፊት)

📍ቁ.2 👉ለቡ  መዳህኒዓለም ቤተ/ክርስቲያን ፊት ለፊት  #ዛም_ሞል 2ኛ ፎቅ ቢሮ ቁጥር.214


    📲 0909522840
    📲 0923350054

👍ለቡ ቅርንጫፍ📲0973611819

🔖
💬  በTelegram ለማዘዝ ⤵️ ይጠቀሙ
@shager_onlinestore
  
ለተጨማሪ ማብራሪያ የቴሌግራም ገፃችን⤵️
https://t.me/Shageronlinestore",2025-06-20T15:25:40+00:00,telegram_media\@Shageronlinestore_7395_1750609981.jpg,ሶስት በአንድ የያዘ የፀጉር ማሽን እና ሼቨር የሚሰራ ጥራት ባለው ግብአት እና ዲዛየን የተሰራ የራስ ፀጉር እና ፂምን በስርአት እና በጥራት ለማስተካከል አስተማማኝ ማሽን በሚፈልጉት መጠን ለመቁረጥ መቀያየሪ ቁጥሮች ያሉት ጥቃቅን ለስላሳ ምላጮች እየተሽከረከሩ ምቾትን በተላበሰ መልኩ ፂምዎን ያስምሩሉዎታል እንደ ምላጭ ወይም የፀጉር ቶንዶስ ምቾት የማይነሳ በልስላሴ አንገትና አገጭ ስር ሙልጭ አድርጎ የሚላጭ ዋጋ፦ ብር ዉስን ፍሬ ነው ያለን አድራሻ ቁ መገናኛ ታሜ ጋስ ህንፃ ጎን ስሪ ኤም ሲቲ ሞል ሁለተኛ ፎቅ ቢሮ ቁ ከ ሊፍቱ ፊት ለ ፊት ቁ ለቡ መዳህኒዓለም ቤተ ክርስቲያን ፊት ለፊት ዛም ሞል ኛ ፎቅ ቢሮ ቁጥር ለቡ ቅርንጫፍ በ ለማዘዝ ይጠቀሙ ለተጨማሪ ማብራሪያ የቴሌግራም ገፃችን
Sheger online-store,@Shageronlinestore,7394,,2025-06-20T11:47:53+00:00,telegram_media\@Shageronlinestore_7394_1750609982.jpg,
Sheger online-store,@Shageronlinestore,7393,"💥 1L  Water Bottle

      💯High Quality

⚡️ 1L water time scale reminder, outdoor sports and fitness

         ዋጋ:-800ብር

✌️ውስን ፍሬ ነው ያለን/ Limited Stock

🏢 አድራሻ ቁ.1 👉 መገናኛ ታሜ ጋስ ህንፃ ጎን ስሪ ኤም ሲቲ ሞል  ሁለተኛ ፎቅ ቢሮ ቁ. SL-05A(ከ ሊፍቱ ፊት ለ ፊት)

📍ቁ.2 👉ለቡ  መዳህኒዓለም ቤተ/ክርስቲያን 100ሜ ወደ ሙዚቃ ቤት ከፍ ብሎ  #ዛም_ሞል 2ኛ ፎቅ ቢሮ.ቁ 214


    📲 0909522840
    📲 0923350054

👍ለቡ ቅርንጫፍ📲0973611819


🔖
💬  በTelegram ለማዘዝ ⤵️ ይጠቀሙ
@shager_onlinestore
  
ለተጨማሪ ማብራሪያ የቴሌግራም ገፃችን⤵️
https://t.me/Shageronlinestore             ",2025-06-20T11:47:53+00:00,telegram_media\@Shageronlinestore_7393_1750609984.jpg,ዋጋ ብር ውስን ፍሬ ነው ያለን አድራሻ ቁ መገናኛ ታሜ ጋስ ህንፃ ጎን ስሪ ኤም ሲቲ ሞል ሁለተኛ ፎቅ ቢሮ ቁ ከ ሊፍቱ ፊት ለ ፊት ቁ ለቡ መዳህኒዓለም ቤተ ክርስቲያን ሜ ወደ ሙዚቃ ቤት ከፍ ብሎ ዛም ሞል ኛ ፎቅ ቢሮ ቁ ለቡ ቅርንጫፍ በ ለማዘዝ ይጠቀሙ ለተጨማሪ ማብራሪያ የቴሌግራም ገፃችን
Sheger online-store,@Shageronlinestore,7392,,2025-06-20T09:03:23+00:00,telegram_media\@Shageronlinestore_7392_1750609985.jpg,
Sheger online-store,@Shageronlinestore,7391,"💥 Sonifer Steam Iron 

      የልብስ መቶከሻ

💯 High Quality ®️

⚡️ Ceramic Soleplate
⚡️Temperature Control dial 
⚡️Powerful Burst Function
⚡️variable Steam Control
⚡️Spray and Steam Function
⚡️Overheat Protection
⚡️Transparent Water Level Window
⚡️ Flexible 360° Swivel Cord 
⚡️Voltage AC 220-240V

      ዋጋ፦ 2900ብር✅

❌ዉስን ፍሬ ነው ያለን❌
❌ limited stock❌

🏢 አድራሻ ቁ.1 👉 መገናኛ ታሜ ጋስ ህንፃ ጎን ስሪ ኤም ሲቲ ሞል  ሁለተኛ ፎቅ ቢሮ ቁ. SL-05A(ከ ሊፍቱ ፊት ለ ፊት)

📍ቁ.2 👉ለቡ  መዳህኒዓለም ቤተ/ክርስቲያን 100ሜ ወደ ሙዚቃ ቤት ከፍ ብሎ  #ዛም_ሞል 2ኛ ፎቅ ቢሮ.ቁ 214


    📲 0909522840
    📲 0923350054

👍ለቡ ቅርንጫፍ📲0973611819


🔖
💬  በTelegram ለማዘዝ ⤵️ ይጠቀሙ
@shager_onlinestore
  
ለተጨማሪ ማብራሪያ የቴሌግራም ገፃችን⤵️
https://t.me/Shageronlinestore          ",2025-06-20T09:03:23+00:00,telegram_media\@Shageronlinestore_7391_1750609986.jpg,የልብስ መቶከሻ ዋጋ፦ ብር ዉስን ፍሬ ነው ያለን አድራሻ ቁ መገናኛ ታሜ ጋስ ህንፃ ጎን ስሪ ኤም ሲቲ ሞል ሁለተኛ ፎቅ ቢሮ ቁ ከ ሊፍቱ ፊት ለ ፊት ቁ ለቡ መዳህኒዓለም ቤተ ክርስቲያን ሜ ወደ ሙዚቃ ቤት ከፍ ብሎ ዛም ሞል ኛ ፎቅ ቢሮ ቁ ለቡ ቅርንጫፍ በ ለማዘዝ ይጠቀሙ ለተጨማሪ ማብራሪያ የቴሌግራም ገፃችን
Sheger online-store,@Shageronlinestore,7390,"💥Sayona multifunctional juicer and extractor

✨Best Quality 

✨ ብርቱካን ካሮት አፕል አናናስ ጁስ ይሰራል ፋይበሩን ለብቻ ያስወግዴል
✨ የፍራፍሬ ጁስ ይሰራል
✨ ሽንኩርትና ስጋ ይፈጫል
✨ቡናና ቅመማ ቅመም ይፈጫል።

             ዋጋ፦8500 ብር✅
                            
ውስን ፍሬ ነው ያለን/ Limited Stock

🏢 አድራሻ ቁ.1 👉 መገናኛ ታሜ ጋስ ህንፃ ጎን ስሪ ኤም ሲቲ ሞል  ሁለተኛ ፎቅ ቢሮ ቁ. SL-05A(ከ ሊፍቱ ፊት ለ ፊት)

📍ቁ.2 👉ለቡ  መዳህኒዓለም ቤተ/ክርስቲያን  ወደ ሙዚቃ ቤት ከፍ ብሎ  #ዛም_ሞል 2ኛ ፎቅ ቢሮ.ቁ 214


    📲 0909522840
    📲 0923350054

👍ለቡ ቅርንጫፍ📲0973611819


🔖
💬  በTelegram ለማዘዝ ⤵️ ይጠቀሙ
@shager_onlinestore
  
ለተጨማሪ ማብራሪያ የቴሌግራም ገፃችን⤵️
https://t.me/Shageronlinestore",2025-06-20T06:48:11+00:00,telegram_media\@Shageronlinestore_7390_1750609988.jpg,ብርቱካን ካሮት አፕል አናናስ ጁስ ይሰራል ፋይበሩን ለብቻ ያስወግዴል የፍራፍሬ ጁስ ይሰራል ሽንኩርትና ስጋ ይፈጫል ቡናና ቅመማ ቅመም ይፈጫል። ዋጋ፦ ብር ውስን ፍሬ ነው ያለን አድራሻ ቁ መገናኛ ታሜ ጋስ ህንፃ ጎን ስሪ ኤም ሲቲ ሞል ሁለተኛ ፎቅ ቢሮ ቁ ከ ሊፍቱ ፊት ለ ፊት ቁ ለቡ መዳህኒዓለም ቤተ ክርስቲያን ወደ ሙዚቃ ቤት ከፍ ብሎ ዛም ሞል ኛ ፎቅ ቢሮ ቁ ለቡ ቅርንጫፍ በ ለማዘዝ ይጠቀሙ ለተጨማሪ ማብራሪያ የቴሌግራም ገፃችን
Sheger online-store,@Shageronlinestore,7389,,2025-06-19T12:31:30+00:00,telegram_media\@Shageronlinestore_7389_1750609989.jpg,
Sheger online-store,@Shageronlinestore,7388,,2025-06-19T12:31:30+00:00,telegram_media\@Shageronlinestore_7388_1750609990.jpg,
Sheger online-store,@Shageronlinestore,7387,,2025-06-19T12:31:30+00:00,telegram_media\@Shageronlinestore_7387_1750609990.jpg,
Sheger online-store,@Shageronlinestore,7386,,2025-06-19T12:31:30+00:00,telegram_media\@Shageronlinestore_7386_1750609991.jpg,
Sheger online-store,@Shageronlinestore,7385,,2025-06-19T12:31:30+00:00,telegram_media\@Shageronlinestore_7385_1750609992.jpg,
Sheger online-store,@Shageronlinestore,7384,"📣 2in1 long handled bath brush

💥ለአያያዝ ምቹ 
💥በቀላሉ የማንደርስበትን የጀርባ ክፍል ለማሸት ተመራጭ
💥ለቆዳ ተስማሚ የሆነ ብሩሽ
💥በሁለቱም በኩል የሚያሽ

ዋጋ፦  💰🏷  450 ብር

🏢 አድራሻ ቁ.1 👉ስሪ ኤም ሲቲ ሞል  ሁለተኛ ፎቅ ቢሮ ቁ. SL-05A(ከ ሊፍቱ ፊት ለ ፊት)

📍ቁ.2 👉ለቡ  መዳህኒዓለም ቤተ/ክርስቲያን 100ሜ ወደ ሙዚቃ ቤት ከፍ ብሎ  #ዛም_ሞል 2ኛ ፎቅ ቢሮ.ቁ 214


    📲 0909522840
    📲 0923350054

👍ለቡ ቅርንጫፍ📲0973611819


🔖
💬  በTelegram ለማዘዝ ⤵️ ይጠቀሙ
@shager_onlinestore
  
ለተጨማሪ ማብራሪያ የቴሌግራም ገፃችን⤵️
https://t.me/Shageronlinestore             ",2025-06-19T12:31:30+00:00,telegram_media\@Shageronlinestore_7384_1750609993.jpg,ለአያያዝ ምቹ በቀላሉ የማንደርስበትን የጀርባ ክፍል ለማሸት ተመራጭ ለቆዳ ተስማሚ የሆነ ብሩሽ በሁለቱም በኩል የሚያሽ ዋጋ፦ ብር አድራሻ ቁ ስሪ ኤም ሲቲ ሞል ሁለተኛ ፎቅ ቢሮ ቁ ከ ሊፍቱ ፊት ለ ፊት ቁ ለቡ መዳህኒዓለም ቤተ ክርስቲያን ሜ ወደ ሙዚቃ ቤት ከፍ ብሎ ዛም ሞል ኛ ፎቅ ቢሮ ቁ ለቡ ቅርንጫፍ በ ለማዘዝ ይጠቀሙ ለተጨማሪ ማብራሪያ የቴሌግራም ገፃችን
Sheger online-store,@Shageronlinestore,7383,"💥Miralux Hot plate
 ባለሁለት ምድጃ ስቶቭ

      💯orginal

⚡️ 2000 ዋት
⚡️ ፊውዝ የተገጠመለት
⚡️ ትልቅ ድስት መሸከም የሚችል
⚡️ አስተማማኝ ቴርሞስታት
⚡️ ባለ ፊውዝ

ዋጋ፦ ትልቁ :- 2900ብር✅



አድራሻ 📍 ቁ.1 👉መገናኛ ስሪ ኤም ሲቲ ሞል  ሁለተኛ ፎቅ ቢሮ ቁ. SL-05A(ከ ሊፍቱ ፊት ለ ፊት)

📍ቁ.2 👉ለቡ  መዳህኒዓለም ቤተ/ክርስቲያን ፊት ለፊት  #ዛም_ሞል 2ኛ ፎቅ ቢሮ ቁጥር.214


👍ለቡ ቅርንጫፍ📲0973611819

     💧💧💧💧


    📲 0909522840
    📲 0923350054

🔖
💬  በTelegram ለማዘዝ ⤵️ ይጠቀሙ
@shager_onlinestore
  
ለተጨማሪ ማብራሪያ የቴሌግራም ገፃችን⤵️
https://t.me/Shageronlinestore",2025-06-19T06:31:31+00:00,telegram_media\@Shageronlinestore_7383_1750609994.jpg,ባለሁለት ምድጃ ስቶቭ ዋት ፊውዝ የተገጠመለት ትልቅ ድስት መሸከም የሚችል አስተማማኝ ቴርሞስታት ባለ ፊውዝ ዋጋ፦ ትልቁ ብር አድራሻ ቁ መገናኛ ስሪ ኤም ሲቲ ሞል ሁለተኛ ፎቅ ቢሮ ቁ ከ ሊፍቱ ፊት ለ ፊት ቁ ለቡ መዳህኒዓለም ቤተ ክርስቲያን ፊት ለፊት ዛም ሞል ኛ ፎቅ ቢሮ ቁጥር ለቡ ቅርንጫፍ በ ለማዘዝ ይጠቀሙ ለተጨማሪ ማብራሪያ የቴሌግራም ገፃችን
Sheger online-store,@Shageronlinestore,7382,"💥7pcs glass water set

✔️ አንድ ማራኪ ጆግና 6 መጠጫ ብርጭቆዎች
✔️ የፈሳሽ መጠጥ ማቅረቢያ
✔️ ከፍተኛ ሙቀት የሚቋቋም
✔️ ኳሊቲ ወፍራም

 ዋጋ፦ ✅ 3,400 ብር

  ውስን ፍሬ ነው የቀረው ❌

🏢 አድራሻ ቁ.1 👉 መገናኛ ታሜ ጋስ ህንፃ ጎን ስሪ ኤም ሲቲ ሞል  ሁለተኛ ፎቅ ቢሮ ቁ. SL-05A(ከ ሊፍቱ ፊት ለ ፊት)

📍ቁ.2 👉ለቡ  መዳህኒዓለም ቤተ/ክርስቲያን 100ሜ ወደ ሙዚቃ ቤት ከፍ ብሎ  #ዛም_ሞል 2ኛ ፎቅ ቢሮ.ቁ 214


    📲 0909522840
    📲 0923350054

👍ለቡ ቅርንጫፍ📲0973611819


🔖
💬  በTelegram ለማዘዝ ⤵️ ይጠቀሙ
@shager_onlinestore
  
ለተጨማሪ ማብራሪያ የቴሌግራም ገፃችን⤵️
https://t.me/Shageronlinestore          ",2025-06-18T11:19:11+00:00,telegram_media\@Shageronlinestore_7382_1750609996.jpg,አንድ ማራኪ ጆግና መጠጫ ብርጭቆዎች የፈሳሽ መጠጥ ማቅረቢያ ከፍተኛ ሙቀት የሚቋቋም ኳሊቲ ወፍራም ዋጋ፦ ብር ውስን ፍሬ ነው የቀረው አድራሻ ቁ መገናኛ ታሜ ጋስ ህንፃ ጎን ስሪ ኤም ሲቲ ሞል ሁለተኛ ፎቅ ቢሮ ቁ ከ ሊፍቱ ፊት ለ ፊት ቁ ለቡ መዳህኒዓለም ቤተ ክርስቲያን ሜ ወደ ሙዚቃ ቤት ከፍ ብሎ ዛም ሞል ኛ ፎቅ ቢሮ ቁ ለቡ ቅርንጫፍ በ ለማዘዝ ይጠቀሙ ለተጨማሪ ማብራሪያ የቴሌግራም ገፃችን
Sheger online-store,@Shageronlinestore,7381,,2025-06-18T11:19:11+00:00,telegram_media\@Shageronlinestore_7381_1750609998.jpg,
Sheger online-store,@Shageronlinestore,7380,,2025-06-18T11:19:11+00:00,telegram_media\@Shageronlinestore_7380_1750609999.jpg,
Sheger online-store,@Shageronlinestore,7379,,2025-06-18T11:19:11+00:00,telegram_media\@Shageronlinestore_7379_1750610000.jpg,
Sheger online-store,@Shageronlinestore,7378,,2025-06-18T11:19:10+00:00,telegram_media\@Shageronlinestore_7378_1750610002.jpg,
Sheger online-store,@Shageronlinestore,7377,"🎯 Universal water-saving dishwasher head

🔰Increase water outlet pressure and rinse efficiently.
🔰360 ° rotating head
🔰100% functional !!

ዋጋ፦  💰🏷  400 ብር

♦️ውስን ፍሬ ነው ያለው 

አድራሻ ቁ.1 👉 መገናኛ ታሜ ጋስ ህንፃ ጎን ስሪ ኤም ሲቲ ሞል  ሁለተኛ ፎቅ ቢሮ ቁ. SL-05A(ከ ሊፍቱ ፊት ለ ፊት)

📍ቁ.2 👉ለቡ  መዳህኒዓለም ቤተ/ክርስቲያን ፊት ለፊት  #ዛም_ሞል 2ኛ ፎቅ ቢሮ ቁጥር.214


    📲 0909522840
    📲 0923350054

👍ለቡ ቅርንጫፍ📲0973611819

🔖
💬  በTelegram ለማዘዝ ⤵️ ይጠቀሙ
@shager_onlinestore
  
ለተጨማሪ ማብራሪያ የቴሌግራም ገፃችን⤵️
https://t.me/Shageronlinestore",2025-06-18T07:12:03+00:00,,ዋጋ፦ ብር ውስን ፍሬ ነው ያለው አድራሻ ቁ መገናኛ ታሜ ጋስ ህንፃ ጎን ስሪ ኤም ሲቲ ሞል ሁለተኛ ፎቅ ቢሮ ቁ ከ ሊፍቱ ፊት ለ ፊት ቁ ለቡ መዳህኒዓለም ቤተ ክርስቲያን ፊት ለፊት ዛም ሞል ኛ ፎቅ ቢሮ ቁጥር ለቡ ቅርንጫፍ በ ለማዘዝ ይጠቀሙ ለተጨማሪ ማብራሪያ የቴሌግራም ገፃችን
Sheger online-store,@Shageronlinestore,7376,"💥 special base for refrigerator and washing machine

👉Home moving furniture caster wheel heavy objects transporter small mover labor-saving moving wheels bed tool
⚡️ከ45cm እስከ 70cm መለጠጥ የሚችል

    ዋጋ፦💰🏷  2,000 ብር

  ♦️ውስን ፍሬ ነው ያለው

🏢 አድራሻ ቁ.1 👉 መገናኛ ታሜ ጋስ ህንፃ ጎን ስሪ ኤም ሲቲ ሞል  ሁለተኛ ፎቅ ቢሮ ቁ. SL-05A(ከ ሊፍቱ ፊት ለ ፊት)

📍ቁ.2 👉ለቡ  መዳህኒዓለም ቤተ/ክርስቲያን ፊት ለፊት  #ዛም_ሞል 2ኛ ፎቅ ቢሮ ቁጥር.214


    📲 0909522840
    📲 0923350054

👍ለቡ ቅርንጫፍ📲0973611819

🔖
💬  በTelegram ለማዘዝ ⤵️ ይጠቀሙ
@shager_onlinestore
  
ለተጨማሪ ማብራሪያ የቴሌግራም ገፃችን⤵️
https://t.me/Shageronlinestore",2025-06-17T18:32:21+00:00,,ከ እስከ መለጠጥ የሚችል ዋጋ፦ ብር ውስን ፍሬ ነው ያለው አድራሻ ቁ መገናኛ ታሜ ጋስ ህንፃ ጎን ስሪ ኤም ሲቲ ሞል ሁለተኛ ፎቅ ቢሮ ቁ ከ ሊፍቱ ፊት ለ ፊት ቁ ለቡ መዳህኒዓለም ቤተ ክርስቲያን ፊት ለፊት ዛም ሞል ኛ ፎቅ ቢሮ ቁጥር ለቡ ቅርንጫፍ በ ለማዘዝ ይጠቀሙ ለተጨማሪ ማብራሪያ የቴሌግራም ገፃችን
Sheger online-store,@Shageronlinestore,7375,"💥 special base for refrigerator and washing machine

👉Home moving furniture caster wheel heavy objects transporter small mover labor-saving moving wheels bed tool

ዋጋ፦  💰🏷  2000 ብር✅

   ♦️ውስን ፍሬ ነው ያለው

🏢 አድራሻ ቁ.1 👉 መገናኛ ታሜ ጋስ ህንፃ ጎን ስሪ ኤም ሲቲ ሞል  ሁለተኛ ፎቅ ቢሮ ቁ. SL-05A(ከ ሊፍቱ ፊት ለ ፊት)

📍ቁ.2 👉ለቡ  መዳህኒዓለም ቤተ/ክርስቲያን ፊት ለፊት  #ዛም_ሞል 2ኛ ፎቅ ቢሮ ቁጥር.214


    📲 0909522840
    📲 0923350054

👍ለቡ ቅርንጫፍ📲0973611819

🔖
💬  በTelegram ለማዘዝ ⤵️ ይጠቀሙ
@shager_onlinestore
  
ለተጨማሪ ማብራሪያ የቴሌግራም ገፃችን⤵️
https://t.me/Shageronlinestore",2025-06-17T18:32:20+00:00,telegram_media\@Shageronlinestore_7375_1750610003.jpg,ዋጋ፦ ብር ውስን ፍሬ ነው ያለው አድራሻ ቁ መገናኛ ታሜ ጋስ ህንፃ ጎን ስሪ ኤም ሲቲ ሞል ሁለተኛ ፎቅ ቢሮ ቁ ከ ሊፍቱ ፊት ለ ፊት ቁ ለቡ መዳህኒዓለም ቤተ ክርስቲያን ፊት ለፊት ዛም ሞል ኛ ፎቅ ቢሮ ቁጥር ለቡ ቅርንጫፍ በ ለማዘዝ ይጠቀሙ ለተጨማሪ ማብራሪያ የቴሌግራም ገፃችን
Sheger online-store,@Shageronlinestore,7374,,2025-06-17T14:55:21+00:00,telegram_media\@Shageronlinestore_7374_1750610004.jpg,
Sheger online-store,@Shageronlinestore,7373,,2025-06-17T14:55:21+00:00,telegram_media\@Shageronlinestore_7373_1750610006.jpg,
Sheger online-store,@Shageronlinestore,7372,,2025-06-17T14:55:21+00:00,telegram_media\@Shageronlinestore_7372_1750610007.jpg,
Sheger online-store,@Shageronlinestore,7371,,2025-06-17T14:55:21+00:00,telegram_media\@Shageronlinestore_7371_1750610008.jpg,
Sheger online-store,@Shageronlinestore,7370,"💥Vintage Mason Glass Drinking Jar with Straw

👉የራሳቸው ስትሮ ያላቸው እጅግ ውብ የሆኑ የጁስ መጠጫ ብርጭቆወች

🍸500ml

      ዋጋ፦ 550ብር✅✅

♦️ውስን ፍሬ ነው ያለው 

🏢 አድራሻ  ቁ.1👉 መገናኛ ስሪ ኤም ሲቲ ሞል  ሁለተኛ ፎቅ ቢሮ ቁ. SL-05A(ከ ሊፍቱ ፊት ለ ፊት)

📍ቁ.2 👉ለቡ  መዳህኒዓለም ቤተ/ክርስቲያን ፊት ለፊት  #ዛም_ሞል 2ኛ ፎቅ ቢሮ ቁጥር.214


👍ለቡ ቅርንጫፍ📲0973611819



    📲 0909522840
    📲 0923350054

🔖
💬  በTelegram ለማዘዝ ⤵️ ይጠቀሙ
@shager_onlinestore
  
ለተጨማሪ ማብራሪያ የቴሌግራም ገፃችን⤵️
https://t.me/Shageronlinestore",2025-06-17T14:55:21+00:00,telegram_media\@Shageronlinestore_7370_1750610009.jpg,የራሳቸው ስትሮ ያላቸው እጅግ ውብ የሆኑ የጁስ መጠጫ ብርጭቆወች ዋጋ፦ ብር ውስን ፍሬ ነው ያለው አድራሻ ቁ መገናኛ ስሪ ኤም ሲቲ ሞል ሁለተኛ ፎቅ ቢሮ ቁ ከ ሊፍቱ ፊት ለ ፊት ቁ ለቡ መዳህኒዓለም ቤተ ክርስቲያን ፊት ለፊት ዛም ሞል ኛ ፎቅ ቢሮ ቁጥር ለቡ ቅርንጫፍ በ ለማዘዝ ይጠቀሙ ለተጨማሪ ማብራሪያ የቴሌግራም ገፃችን
Sheger online-store,@Shageronlinestore,7369,"📣 HOBBY LOBBY 3 in 1 Chopper and Garlic Peeler

#ስጋ እና ሽንኩርት በሰከንዶች ድቅቅ የሚያደርግ 

#የነጭ_ሽንኩርት የራሱ መላጫ ያለው


✔️ Two 3-liter jars
✔️ One is metal and the other is thick glass.
✔️ With 4 blades and 2 blades grinder
👀 Meat, gizzards, vegetables, onions, and garlic are ground into it.👀
🔔 Dried and peeled garlic cloves with a peeler🔔
📌 An additional switch with 4 blades
✔️ 3-press grinder

    ዋጋ:- 3900ብር

📍ውስን ፍሬ ነው ያለን/ Limited Stock

🏢 አድራሻ ቁ.1 👉 መገናኛ ታሜ ጋስ ህንፃ ጎን ስሪ ኤም ሲቲ ሞል  ሁለተኛ ፎቅ ቢሮ ቁ. SL-05A(ከ ሊፍቱ ፊት ለ ፊት)

📍ቁ.2 👉ለቡ  መዳህኒዓለም ቤተ/ክርስቲያን 100ሜ ወደ ሙዚቃ ቤት ከፍ ብሎ  #ዛም_ሞል 2ኛ ፎቅ ቢሮ.ቁ 214


    📲 0909522840
    📲 0923350054

👍ለቡ ቅርንጫፍ📲0973611819


🔖
💬  በTelegram ለማዘዝ ⤵️ ይጠቀሙ
@shager_onlinestore
  
ለተጨማሪ ማብራሪያ የቴሌግራም ገፃችን⤵️
https://t.me/Shageronlinestore",2025-06-17T08:41:24+00:00,,ስጋ እና ሽንኩርት በሰከንዶች ድቅቅ የሚያደርግ የነጭ ሽንኩርት የራሱ መላጫ ያለው ዋጋ ብር ውስን ፍሬ ነው ያለን አድራሻ ቁ መገናኛ ታሜ ጋስ ህንፃ ጎን ስሪ ኤም ሲቲ ሞል ሁለተኛ ፎቅ ቢሮ ቁ ከ ሊፍቱ ፊት ለ ፊት ቁ ለቡ መዳህኒዓለም ቤተ ክርስቲያን ሜ ወደ ሙዚቃ ቤት ከፍ ብሎ ዛም ሞል ኛ ፎቅ ቢሮ ቁ ለቡ ቅርንጫፍ በ ለማዘዝ ይጠቀሙ ለተጨማሪ ማብራሪያ የቴሌግራም ገፃችን
Sheger online-store,@Shageronlinestore,7368,"📣 HOBBY LOBBY 3 in 1 Chopper and Garlic Peeler

#ስጋ እና ሽንኩርት በሰከንዶች ድቅቅ የሚያደርግ 

#የነጭ_ሽንኩርት የራሱ መላጫ ያለው


✔️ Two 3-liter jars
✔️ One is metal and the other is thick glass.
✔️ With 4 blades and 2 blades grinder
👀 Meat, gizzards, vegetables, onions, and garlic are ground into it.👀
🔔 Dried and peeled garlic cloves with a peeler🔔
📌 An additional switch with 4 blades
✔️ 3-press grinder

    ዋጋ:- 3900ብር

📍ውስን ፍሬ ነው ያለን/ Limited Stock

🏢 አድራሻ ቁ.1 👉 መገናኛ ታሜ ጋስ ህንፃ ጎን ስሪ ኤም ሲቲ ሞል  ሁለተኛ ፎቅ ቢሮ ቁ. SL-05A(ከ ሊፍቱ ፊት ለ ፊት)

📍ቁ.2 👉ለቡ  መዳህኒዓለም ቤተ/ክርስቲያን 100ሜ ወደ ሙዚቃ ቤት ከፍ ብሎ  #ዛም_ሞል 2ኛ ፎቅ ቢሮ.ቁ 214


    📲 0909522840
    📲 0923350054

👍ለቡ ቅርንጫፍ📲0973611819


🔖
💬  በTelegram ለማዘዝ ⤵️ ይጠቀሙ
@shager_onlinestore
  
ለተጨማሪ ማብራሪያ የቴሌግራም ገፃችን⤵️
https://t.me/Shageronlinestore",2025-06-17T08:41:24+00:00,,ስጋ እና ሽንኩርት በሰከንዶች ድቅቅ የሚያደርግ የነጭ ሽንኩርት የራሱ መላጫ ያለው ዋጋ ብር ውስን ፍሬ ነው ያለን አድራሻ ቁ መገናኛ ታሜ ጋስ ህንፃ ጎን ስሪ ኤም ሲቲ ሞል ሁለተኛ ፎቅ ቢሮ ቁ ከ ሊፍቱ ፊት ለ ፊት ቁ ለቡ መዳህኒዓለም ቤተ ክርስቲያን ሜ ወደ ሙዚቃ ቤት ከፍ ብሎ ዛም ሞል ኛ ፎቅ ቢሮ ቁ ለቡ ቅርንጫፍ በ ለማዘዝ ይጠቀሙ ለተጨማሪ ማብራሪያ የቴሌግራም ገፃችን
Sheger online-store,@Shageronlinestore,7367,,2025-06-17T08:41:24+00:00,telegram_media\@Shageronlinestore_7367_1750610010.jpg,
Sheger online-store,@Shageronlinestore,7366,"📣 HOBBY LOBBY 3 in 1 Chopper and Garlic Peeler

#ስጋ እና ሽንኩርት በሰከንዶች ድቅቅ የሚያደርግ 

#የነጭ_ሽንኩርት የራሱ መላጫ ያለው


✔️ Two 3-liter jars
✔️ One is metal and the other is thick glass.
✔️ With 4 blades and 2 blades grinder
👀 Meat, gizzards, vegetables, onions, and garlic are ground into it.👀
🔔 Dried and peeled garlic cloves with a peeler🔔
📌 An additional switch with 4 blades
✔️ 3-press grinder

    ዋጋ:- 3900ብር

📍ውስን ፍሬ ነው ያለን/ Limited Stock

🏢 አድራሻ ቁ.1 👉 መገናኛ ታሜ ጋስ ህንፃ ጎን ስሪ ኤም ሲቲ ሞል  ሁለተኛ ፎቅ ቢሮ ቁ. SL-05A(ከ ሊፍቱ ፊት ለ ፊት)

📍ቁ.2 👉ለቡ  መዳህኒዓለም ቤተ/ክርስቲያን 100ሜ ወደ ሙዚቃ ቤት ከፍ ብሎ  #ዛም_ሞል 2ኛ ፎቅ ቢሮ.ቁ 214


    📲 0909522840
    📲 0923350054

👍ለቡ ቅርንጫፍ📲0973611819


🔖
💬  በTelegram ለማዘዝ ⤵️ ይጠቀሙ
@shager_onlinestore
  
ለተጨማሪ ማብራሪያ የቴሌግራም ገፃችን⤵️
https://t.me/Shageronlinestore",2025-06-17T08:41:24+00:00,telegram_media\@Shageronlinestore_7366_1750610011.jpg,ስጋ እና ሽንኩርት በሰከንዶች ድቅቅ የሚያደርግ የነጭ ሽንኩርት የራሱ መላጫ ያለው ዋጋ ብር ውስን ፍሬ ነው ያለን አድራሻ ቁ መገናኛ ታሜ ጋስ ህንፃ ጎን ስሪ ኤም ሲቲ ሞል ሁለተኛ ፎቅ ቢሮ ቁ ከ ሊፍቱ ፊት ለ ፊት ቁ ለቡ መዳህኒዓለም ቤተ ክርስቲያን ሜ ወደ ሙዚቃ ቤት ከፍ ብሎ ዛም ሞል ኛ ፎቅ ቢሮ ቁ ለቡ ቅርንጫፍ በ ለማዘዝ ይጠቀሙ ለተጨማሪ ማብራሪያ የቴሌግራም ገፃችን
Sheger online-store,@Shageronlinestore,7365,,2025-06-17T07:27:32+00:00,telegram_media\@Shageronlinestore_7365_1750610013.jpg,
Sheger online-store,@Shageronlinestore,7364,,2025-06-17T07:27:32+00:00,telegram_media\@Shageronlinestore_7364_1750610014.jpg,
Sheger online-store,@Shageronlinestore,7363,,2025-06-17T07:27:32+00:00,telegram_media\@Shageronlinestore_7363_1750610015.jpg,
Sheger online-store,@Shageronlinestore,7362,,2025-06-17T07:27:32+00:00,telegram_media\@Shageronlinestore_7362_1750610017.jpg,
Sheger online-store,@Shageronlinestore,7361,,2025-06-17T07:27:32+00:00,telegram_media\@Shageronlinestore_7361_1750610018.jpg,
Sheger online-store,@Shageronlinestore,7360,"#አልቆል_ለተባላችሁ_በድጋሚ_አስገብተናል 
💥የመስታዎት ፓትራዎች ( glass bakewares) 🥧 🥮 

👉Rectagular shape

👉ገበታ ላይ መቅረብ የሚችሉ ውብ የመስታዎት ፓትራዎች 
   
👉ሶስት የተለያየ መጠን ያላቸው (3.1 ሊ ፣ 2.5 ሊ፣ 1.8ሊ ) ፓትራዎችን የያዘ

👉ለላዛኛ ፣ ፓስታ ፍርኖ፣ ኬክ  ተመራጭ

👉ውብና ማራኪ ገበታ ላይ  መቅረብ የሚችሉ 

👉ውፍራም ማንኛውንም ሙቀት የሚቋቋም

ዋጋ፦  💰 ሶስቱን በ 3800 ብር

📍ውስን ፍሬ ነው ያለን/ Limited Stock

🏢 አድራሻ ቁ.1 👉 መገናኛ ታሜ ጋስ ህንፃ ጎን ስሪ ኤም ሲቲ ሞል  ሁለተኛ ፎቅ ቢሮ ቁ. SL-05A(ከ ሊፍቱ ፊት ለ ፊት)

📍ቁ.2 👉ለቡ  መዳህኒዓለም ቤተ/ክርስቲያን 100ሜ ወደ ሙዚቃ ቤት ከፍ ብሎ  #ዛም_ሞል 2ኛ ፎቅ ቢሮ.ቁ 214


    📲 0909522840
    📲 0923350054

👍ለቡ ቅርንጫፍ📲0973611819


🔖
💬  በTelegram ለማዘዝ ⤵️ ይጠቀሙ
@shager_onlinestore
  
ለተጨማሪ ማብራሪያ የቴሌግራም ገፃችን⤵️
https://t.me/Shageronlinestore",2025-06-17T07:27:32+00:00,telegram_media\@Shageronlinestore_7360_1750610021.jpg,አልቆል ለተባላችሁ በድጋሚ አስገብተናል የመስታዎት ፓትራዎች ገበታ ላይ መቅረብ የሚችሉ ውብ የመስታዎት ፓትራዎች ሶስት የተለያየ መጠን ያላቸው ሊ ፣ ሊ፣ ሊ ፓትራዎችን የያዘ ለላዛኛ ፣ ፓስታ ፍርኖ፣ ኬክ ተመራጭ ውብና ማራኪ ገበታ ላይ መቅረብ የሚችሉ ውፍራም ማንኛውንም ሙቀት የሚቋቋም ዋጋ፦ ሶስቱን በ ብር ውስን ፍሬ ነው ያለን አድራሻ ቁ መገናኛ ታሜ ጋስ ህንፃ ጎን ስሪ ኤም ሲቲ ሞል ሁለተኛ ፎቅ ቢሮ ቁ ከ ሊፍቱ ፊት ለ ፊት ቁ ለቡ መዳህኒዓለም ቤተ ክርስቲያን ሜ ወደ ሙዚቃ ቤት ከፍ ብሎ ዛም ሞል ኛ ፎቅ ቢሮ ቁ ለቡ ቅርንጫፍ በ ለማዘዝ ይጠቀሙ ለተጨማሪ ማብራሪያ የቴሌግራም ገፃችን
Sheger online-store,@Shageronlinestore,7359,"⚡️portable foldable mosquito net for kids

👌በቀላሉ ይዞ ለመንቀሳቀስ አመቺ
👌ልጆችዎን ከቢንቢ እና ከተለያዩ ነፍሳት የሚጠብቅ
👌size:-100cm*60cm

    
      ዋጋ:-1400ብር💲


🏢 አድራሻ  👉ቁ.1 መገናኛ ስሪ ኤም ሲቲ ሞል  ሁለተኛ ፎቅ ቢሮ ቁ. SL-05A(ከ ሊፍቱ ፊት ለ ፊት)

📍ቁ.2 👉ለቡ  መዳህኒዓለም ቤተ/ክርስቲያን ፊት ለፊት  #ዛም_ሞል 2ኛ ፎቅ ቢሮ ቁጥር.214


👍ለቡ ቅርንጫፍ📲0971611819



     💧💧💧💧


    📲 0909522840
    📲 0923350054

🔖
💬  በTelegram ለማዘዝ ⤵️ ይጠቀሙ
@shager_onlinestore
  
ለተጨማሪ ማብራሪያ የቴሌግራም ገፃችን⤵️
https://t.me/Shageronlinestore",2025-06-16T14:02:38+00:00,,በቀላሉ ይዞ ለመንቀሳቀስ አመቺ ልጆችዎን ከቢንቢ እና ከተለያዩ ነፍሳት የሚጠብቅ ዋጋ ብር አድራሻ ቁ መገናኛ ስሪ ኤም ሲቲ ሞል ሁለተኛ ፎቅ ቢሮ ቁ ከ ሊፍቱ ፊት ለ ፊት ቁ ለቡ መዳህኒዓለም ቤተ ክርስቲያን ፊት ለፊት ዛም ሞል ኛ ፎቅ ቢሮ ቁጥር ለቡ ቅርንጫፍ በ ለማዘዝ ይጠቀሙ ለተጨማሪ ማብራሪያ የቴሌግራም ገፃችን
Sheger online-store,@Shageronlinestore,7358,"👋3in1 delux multifunctional  bassinet

✨ከግራ ወደቀኝ እየተንቀሳቀሰ
ልጆችን እሹሩሩ እያለ የሚያጫውት የሚያስተኛ
✨የራሱ ሪሞት ያለው 
የራሱ ሙዚቃዎች ያሉት እንዲሁም
✨በብሉቱዝ እና በፍላሽ የምንፈልገውን ሙዚቃ ማጫዎት እንችላለን 
✨በሶኬት እና በባትሪ ድንጋይ የሚሰራ
✨ልጆች ከፍ ሲሉ እንደ ወንበር ያገለግላቸዋል

ዋጋ፦  💰🏷  14,000 ብር

♦️ውስን ፍሬ ነው ያለው

🏢 አድራሻ ቁ.1 👉 መገናኛ ታሜ ጋስ ህንፃ ጎን ስሪ ኤም ሲቲ ሞል  ሁለተኛ ፎቅ ቢሮ ቁ. SL-05A(ከ ሊፍቱ ፊት ለ ፊት)

📍ቁ.2 👉ለቡ  መዳህኒዓለም ቤተ/ክርስቲያን 100ሜ ወደ ሙዚቃ ቤት ከፍ ብሎ  #ዛም_ሞል 2ኛ ፎቅ ቢሮ.ቁ 214


    📲 0909522840
    📲 0923350054

👍ለቡ ቅርንጫፍ📲0973611819


🔖
💬  በTelegram ለማዘዝ ⤵️ ይጠቀሙ
@shager_onlinestore
  
ለተጨማሪ ማብራሪያ የቴሌግራም ገፃችን⤵️
https://t.me/Shageronlinestore          ",2025-06-16T11:46:38+00:00,,ከግራ ወደቀኝ እየተንቀሳቀሰ ልጆችን እሹሩሩ እያለ የሚያጫውት የሚያስተኛ የራሱ ሪሞት ያለው የራሱ ሙዚቃዎች ያሉት እንዲሁም በብሉቱዝ እና በፍላሽ የምንፈልገውን ሙዚቃ ማጫዎት እንችላለን በሶኬት እና በባትሪ ድንጋይ የሚሰራ ልጆች ከፍ ሲሉ እንደ ወንበር ያገለግላቸዋል ዋጋ፦ ብር ውስን ፍሬ ነው ያለው አድራሻ ቁ መገናኛ ታሜ ጋስ ህንፃ ጎን ስሪ ኤም ሲቲ ሞል ሁለተኛ ፎቅ ቢሮ ቁ ከ ሊፍቱ ፊት ለ ፊት ቁ ለቡ መዳህኒዓለም ቤተ ክርስቲያን ሜ ወደ ሙዚቃ ቤት ከፍ ብሎ ዛም ሞል ኛ ፎቅ ቢሮ ቁ ለቡ ቅርንጫፍ በ ለማዘዝ ይጠቀሙ ለተጨማሪ ማብራሪያ የቴሌግራም ገፃችን
Sheger online-store,@Shageronlinestore,7357,"👋3in1 delux multifunctional  bassinet

✨ከግራ ወደቀኝ እየተንቀሳቀሰ
ልጆችን እሹሩሩ እያለ የሚያጫውት የሚያስተኛ
✨የራሱ ሪሞት ያለው 
የራሱ ሙዚቃዎች ያሉት እንዲሁም
✨በብሉቱዝ እና በፍላሽ የምንፈልገውን ሙዚቃ ማጫዎት እንችላለን 
✨በሶኬት እና በባትሪ ድንጋይ የሚሰራ
✨ልጆች ከፍ ሲሉ እንደ ወንበር ያገለግላቸዋል

ዋጋ፦  💰🏷  14,000 ብር

♦️ውስን ፍሬ ነው ያለው

🏢 አድራሻ ቁ.1 👉 መገናኛ ታሜ ጋስ ህንፃ ጎን ስሪ ኤም ሲቲ ሞል  ሁለተኛ ፎቅ ቢሮ ቁ. SL-05A(ከ ሊፍቱ ፊት ለ ፊት)

📍ቁ.2 👉ለቡ  መዳህኒዓለም ቤተ/ክርስቲያን 100ሜ ወደ ሙዚቃ ቤት ከፍ ብሎ  #ዛም_ሞል 2ኛ ፎቅ ቢሮ.ቁ 214


    📲 0909522840
    📲 0923350054

👍ለቡ ቅርንጫፍ📲0973611819


🔖
💬  በTelegram ለማዘዝ ⤵️ ይጠቀሙ
@shager_onlinestore
  
ለተጨማሪ ማብራሪያ የቴሌግራም ገፃችን⤵️
https://t.me/Shageronlinestore          ",2025-06-16T11:37:47+00:00,telegram_media\@Shageronlinestore_7357_1750610023.jpg,ከግራ ወደቀኝ እየተንቀሳቀሰ ልጆችን እሹሩሩ እያለ የሚያጫውት የሚያስተኛ የራሱ ሪሞት ያለው የራሱ ሙዚቃዎች ያሉት እንዲሁም በብሉቱዝ እና በፍላሽ የምንፈልገውን ሙዚቃ ማጫዎት እንችላለን በሶኬት እና በባትሪ ድንጋይ የሚሰራ ልጆች ከፍ ሲሉ እንደ ወንበር ያገለግላቸዋል ዋጋ፦ ብር ውስን ፍሬ ነው ያለው አድራሻ ቁ መገናኛ ታሜ ጋስ ህንፃ ጎን ስሪ ኤም ሲቲ ሞል ሁለተኛ ፎቅ ቢሮ ቁ ከ ሊፍቱ ፊት ለ ፊት ቁ ለቡ መዳህኒዓለም ቤተ ክርስቲያን ሜ ወደ ሙዚቃ ቤት ከፍ ብሎ ዛም ሞል ኛ ፎቅ ቢሮ ቁ ለቡ ቅርንጫፍ በ ለማዘዝ ይጠቀሙ ለተጨማሪ ማብራሪያ የቴሌግራም ገፃችን
Sheger online-store,@Shageronlinestore,7356,,2025-06-16T11:37:47+00:00,telegram_media\@Shageronlinestore_7356_1750610024.jpg,
Sheger online-store,@Shageronlinestore,7355,,2025-06-16T11:37:47+00:00,telegram_media\@Shageronlinestore_7355_1750610025.jpg,
Sheger online-store,@Shageronlinestore,7354,,2025-06-16T11:37:47+00:00,telegram_media\@Shageronlinestore_7354_1750610027.jpg,
Sheger online-store,@Shageronlinestore,7353,,2025-06-16T11:37:47+00:00,telegram_media\@Shageronlinestore_7353_1750610028.jpg,
Sheger online-store,@Shageronlinestore,7352,,2025-06-16T11:37:47+00:00,telegram_media\@Shageronlinestore_7352_1750610029.jpg,
Sheger online-store,@Shageronlinestore,7351,,2025-06-16T06:35:55+00:00,telegram_media\@Shageronlinestore_7351_1750610030.jpg,
Sheger online-store,@Shageronlinestore,7350,,2025-06-16T06:35:55+00:00,telegram_media\@Shageronlinestore_7350_1750610031.jpg,
Sheger online-store,@Shageronlinestore,7349,,2025-06-16T06:35:55+00:00,telegram_media\@Shageronlinestore_7349_1750610031.jpg,
Sheger online-store,@Shageronlinestore,7348,"💥Electric Hot plate 

⚡️በኤሌክትሪክ የሚሰራ 
⚡️የራሱ ሙቀት መቆጣጠሪያ ያለው
⚡️1400 watt 
⚡️ለማንቀሳቀስ የራሱ መያዣ ያለው 
⚡️ከጀበና እስከ ትልቅ ድስቶች የሚመች


     **ዋጋ፦ 💰✅**45**00ብር**
                         

ውስን ፍሬ ነው የቀረው ❌

🏢 አድራሻ ቁ.1 👉 መገናኛ ታሜ ጋስ ህንፃ ጎን ስሪ ኤም ሲቲ ሞል  ሁለተኛ ፎቅ ቢሮ ቁ. SL-05A(ከ ሊፍቱ ፊት ለ ፊት)

📍ቁ.2 👉ለቡ  መዳህኒዓለም ቤተ/ክርስቲያን 100ሜ ወደ ሙዚቃ ቤት ከፍ ብሎ  #ዛም_ሞል 2ኛ ፎቅ ቢሮ.ቁ 214


    📲 0909522840
    📲 0923350054

👍ለቡ ቅርንጫፍ📲0973611819


🔖
💬  በTelegram ለማዘዝ ⤵️ ይጠቀሙ
@shager_onlinestore
  
ለተጨማሪ ማብራሪያ የቴሌግራም ገፃችን⤵️
https://t.me/Shageronlinestore          ",2025-06-16T06:35:55+00:00,telegram_media\@Shageronlinestore_7348_1750610032.jpg,በኤሌክትሪክ የሚሰራ የራሱ ሙቀት መቆጣጠሪያ ያለው ለማንቀሳቀስ የራሱ መያዣ ያለው ከጀበና እስከ ትልቅ ድስቶች የሚመች ዋጋ፦ ብር ውስን ፍሬ ነው የቀረው አድራሻ ቁ መገናኛ ታሜ ጋስ ህንፃ ጎን ስሪ ኤም ሲቲ ሞል ሁለተኛ ፎቅ ቢሮ ቁ ከ ሊፍቱ ፊት ለ ፊት ቁ ለቡ መዳህኒዓለም ቤተ ክርስቲያን ሜ ወደ ሙዚቃ ቤት ከፍ ብሎ ዛም ሞል ኛ ፎቅ ቢሮ ቁ ለቡ ቅርንጫፍ በ ለማዘዝ ይጠቀሙ ለተጨማሪ ማብራሪያ የቴሌግራም ገፃችን
Sheger online-store,@Shageronlinestore,7347,,2025-06-14T10:19:20+00:00,telegram_media\@Shageronlinestore_7347_1750610033.jpg,
Sheger online-store,@Shageronlinestore,7346,,2025-06-14T10:19:20+00:00,telegram_media\@Shageronlinestore_7346_1750610036.jpg,
Sheger online-store,@Shageronlinestore,7345,,2025-06-14T10:19:20+00:00,telegram_media\@Shageronlinestore_7345_1750610037.jpg,
Sheger online-store,@Shageronlinestore,7344,,2025-06-14T10:19:19+00:00,telegram_media\@Shageronlinestore_7344_1750610038.jpg,
Sheger online-store,@Shageronlinestore,7343,"📣Portable Folding Stool

✔️ ተጣጣፊ ወንበር
✔️ እስከ 100kg ክብደት የሚሸከም
✔️ ከወፍራም ፕላስቲክ የተሰራ
✔️ ቤተ ዕምነት ውስጥ፣ ቤት ውስጥ ፣ ስራ ቦታ እና መዝናኛ ቦታ ይገለገሉበታል
✔️48cm ቁመት ሲኖረው 
✔️መቀመጫው 22cm×28cm ስፋት ያለው
✔️ ለመያዝና ለማስቀመጥ የሚመች ቅልጥፋ ያለ

    ዋጋ:-ትልቁ:-1700 ብር
           ትንሹ:-1500ብር

ውስን ፍሬ ነው ያለው

🏢 አድራሻ ቁ.1 👉 መገናኛ ታሜ ጋስ ህንፃ ጎን ስሪ ኤም ሲቲ ሞል  ሁለተኛ ፎቅ ቢሮ ቁ. SL-05A(ከ ሊፍቱ ፊት ለ ፊት)

📍ቁ.2 👉ለቡ  መዳህኒዓለም ቤተ/ክርስቲያን 100ሜ ወደ ሙዚቃ ቤት ከፍ ብሎ  #ዛም_ሞል 2ኛ ፎቅ ቢሮ.ቁ 214


    📲 0909522840
    📲 0923350054

👍ለቡ ቅርንጫፍ📲0973611819


🔖
💬  በTelegram ለማዘዝ ⤵️ ይጠቀሙ
@shager_onlinestore
  
ለተጨማሪ ማብራሪያ የቴሌግራም ገፃችን⤵️
https://t.me/Shageronlinestore          ",2025-06-14T10:19:19+00:00,telegram_media\@Shageronlinestore_7343_1750610041.jpg,ተጣጣፊ ወንበር እስከ ክብደት የሚሸከም ከወፍራም ፕላስቲክ የተሰራ ቤተ ዕምነት ውስጥ፣ ቤት ውስጥ ፣ ስራ ቦታ እና መዝናኛ ቦታ ይገለገሉበታል ቁመት ሲኖረው መቀመጫው ስፋት ያለው ለመያዝና ለማስቀመጥ የሚመች ቅልጥፋ ያለ ዋጋ ትልቁ ብር ትንሹ ብር ውስን ፍሬ ነው ያለው አድራሻ ቁ መገናኛ ታሜ ጋስ ህንፃ ጎን ስሪ ኤም ሲቲ ሞል ሁለተኛ ፎቅ ቢሮ ቁ ከ ሊፍቱ ፊት ለ ፊት ቁ ለቡ መዳህኒዓለም ቤተ ክርስቲያን ሜ ወደ ሙዚቃ ቤት ከፍ ብሎ ዛም ሞል ኛ ፎቅ ቢሮ ቁ ለቡ ቅርንጫፍ በ ለማዘዝ ይጠቀሙ ለተጨማሪ ማብራሪያ የቴሌግራም ገፃችን
Sheger online-store,@Shageronlinestore,7342,"🌀🌀🛒 Multifunction  Juice Extractor: 

💥 🍎🍉🍒🍐🌽🍊ለአፕል ብርቱካን፣ ካሮት፣ አናናስ፣ ቲማቲም… የመሳሰሉትን እየጨመቀ ቆሻሻውን ፡ ለብቻ፡ እያጣራ፡ ውሃውን እየጨመቀ፡ ወደራሱ ጆክ የሚቀዳ፤ 
🧳 የፍራፍሬ፤


     ዋጋ፦ ✅  5,500 ብር

ውስን ፍሬ ነው የቀረው 🔥

🏢 አድራሻ ቁ.1 👉 መገናኛ ታሜ ጋስ ህንፃ ጎን ስሪ ኤም ሲቲ ሞል  ሁለተኛ ፎቅ ቢሮ ቁ. SL-05A(ከ ሊፍቱ ፊት ለ ፊት)

📍ቁ.2 👉ለቡ  መዳህኒዓለም ቤተ/ክርስቲያን 100ሜ ወደ ሙዚቃ ቤት ከፍ ብሎ  #ዛም_ሞል 2ኛ ፎቅ ቢሮ.ቁ 214


    📲 0909522840
    📲 0923350054

👍ለቡ ቅርንጫፍ📲0973611819


🔖
💬  በTelegram ለማዘዝ ⤵️ ይጠቀሙ
@shager_onlinestore
  
ለተጨማሪ ማብራሪያ የቴሌግራም ገፃችን⤵️
https://t.me/Shageronlinestore",2025-06-14T06:32:45+00:00,,ለአፕል ብርቱካን፣ ካሮት፣ አናናስ፣ ቲማቲም የመሳሰሉትን እየጨመቀ ቆሻሻውን ፡ ለብቻ፡ እያጣራ፡ ውሃውን እየጨመቀ፡ ወደራሱ ጆክ የሚቀዳ፤ የፍራፍሬ፤ ዋጋ፦ ብር ውስን ፍሬ ነው የቀረው አድራሻ ቁ መገናኛ ታሜ ጋስ ህንፃ ጎን ስሪ ኤም ሲቲ ሞል ሁለተኛ ፎቅ ቢሮ ቁ ከ ሊፍቱ ፊት ለ ፊት ቁ ለቡ መዳህኒዓለም ቤተ ክርስቲያን ሜ ወደ ሙዚቃ ቤት ከፍ ብሎ ዛም ሞል ኛ ፎቅ ቢሮ ቁ ለቡ ቅርንጫፍ በ ለማዘዝ ይጠቀሙ ለተጨማሪ ማብራሪያ የቴሌግራም ገፃችን
Sheger online-store,@Shageronlinestore,7341,,2025-06-14T06:32:45+00:00,telegram_media\@Shageronlinestore_7341_1750610042.jpg,
Sheger online-store,@Shageronlinestore,7340,,2025-06-14T06:32:45+00:00,telegram_media\@Shageronlinestore_7340_1750610044.jpg,
Sheger online-store,@Shageronlinestore,7339,"🌀🌀🛒 Multifunction  Juice Extractor: 

💥 🍎🍉🍒🍐🌽🍊ለአፕል ብርቱካን፣ ካሮት፣ አናናስ፣ ቲማቲም… የመሳሰሉትን እየጨመቀ ቆሻሻውን ፡ ለብቻ፡ እያጣራ፡ ውሃውን እየጨመቀ፡ ወደራሱ ጆክ የሚቀዳ፤ 
🧳 የፍራፍሬ፤


     ዋጋ፦ ✅  5,500 ብር

ውስን ፍሬ ነው የቀረው 🔥

🏢 አድራሻ ቁ.1 👉 መገናኛ ታሜ ጋስ ህንፃ ጎን ስሪ ኤም ሲቲ ሞል  ሁለተኛ ፎቅ ቢሮ ቁ. SL-05A(ከ ሊፍቱ ፊት ለ ፊት)

📍ቁ.2 👉ለቡ  መዳህኒዓለም ቤተ/ክርስቲያን 100ሜ ወደ ሙዚቃ ቤት ከፍ ብሎ  #ዛም_ሞል 2ኛ ፎቅ ቢሮ.ቁ 214


    📲 0909522840
    📲 0923350054

👍ለቡ ቅርንጫፍ📲0973611819


🔖
💬  በTelegram ለማዘዝ ⤵️ ይጠቀሙ
@shager_onlinestore
  
ለተጨማሪ ማብራሪያ የቴሌግራም ገፃችን⤵️
https://t.me/Shageronlinestore",2025-06-14T06:32:45+00:00,telegram_media\@Shageronlinestore_7339_1750610045.jpg,ለአፕል ብርቱካን፣ ካሮት፣ አናናስ፣ ቲማቲም የመሳሰሉትን እየጨመቀ ቆሻሻውን ፡ ለብቻ፡ እያጣራ፡ ውሃውን እየጨመቀ፡ ወደራሱ ጆክ የሚቀዳ፤ የፍራፍሬ፤ ዋጋ፦ ብር ውስን ፍሬ ነው የቀረው አድራሻ ቁ መገናኛ ታሜ ጋስ ህንፃ ጎን ስሪ ኤም ሲቲ ሞል ሁለተኛ ፎቅ ቢሮ ቁ ከ ሊፍቱ ፊት ለ ፊት ቁ ለቡ መዳህኒዓለም ቤተ ክርስቲያን ሜ ወደ ሙዚቃ ቤት ከፍ ብሎ ዛም ሞል ኛ ፎቅ ቢሮ ቁ ለቡ ቅርንጫፍ በ ለማዘዝ ይጠቀሙ ለተጨማሪ ማብራሪያ የቴሌግራም ገፃችን
Sheger online-store,@Shageronlinestore,7338,,2025-06-13T16:23:26+00:00,telegram_media\@Shageronlinestore_7338_1750610045.jpg,
Sheger online-store,@Shageronlinestore,7337,,2025-06-13T16:23:26+00:00,telegram_media\@Shageronlinestore_7337_1750610047.jpg,
Sheger online-store,@Shageronlinestore,7336,"💥1pc stainless steel loaf pan

👍ትልቁ

         ዋጋ:-ትልቁ:-1,000ብር✅

❌ውስን ፍሬ ነው ያለው

🏢 አድራሻ  ቁ.1👉 ስሪ ኤም ሲቲ ሞል  ሁለተኛ ፎቅ ቢሮ ቁ. SL-05A(ከ ሊፍቱ ፊት ለ ፊት)

📍ቁ.2 👉ለቡ  መዳህኒዓለም ቤተ/ክርስቲያን ፊት ለፊት  #ዛም_ሞል 2ኛ ፎቅ ቢሮ ቁጥር.214

👍ለቡ ቅርንጫፍ📲0973611819

    📲 0909522840
    📲 0923350054

🔖
💬  በTelegram ለማዘዝ ⤵️ ይጠቀሙ
@shager_onlinestore
  
ለተጨማሪ ማብራሪያ የቴሌግራም ገፃችን⤵️
https://t.me/Shageronlinestore",2025-06-13T16:23:26+00:00,telegram_media\@Shageronlinestore_7336_1750610049.jpg,ትልቁ ዋጋ ትልቁ ብር ውስን ፍሬ ነው ያለው አድራሻ ቁ ስሪ ኤም ሲቲ ሞል ሁለተኛ ፎቅ ቢሮ ቁ ከ ሊፍቱ ፊት ለ ፊት ቁ ለቡ መዳህኒዓለም ቤተ ክርስቲያን ፊት ለፊት ዛም ሞል ኛ ፎቅ ቢሮ ቁጥር ለቡ ቅርንጫፍ በ ለማዘዝ ይጠቀሙ ለተጨማሪ ማብራሪያ የቴሌግራም ገፃችን
Sheger online-store,@Shageronlinestore,7335,,2025-06-13T11:27:57+00:00,telegram_media\@Shageronlinestore_7335_1750610050.jpg,
Sheger online-store,@Shageronlinestore,7334,,2025-06-13T11:27:57+00:00,telegram_media\@Shageronlinestore_7334_1750610050.jpg,
Sheger online-store,@Shageronlinestore,7333,,2025-06-13T11:27:57+00:00,telegram_media\@Shageronlinestore_7333_1750610051.jpg,
Sheger online-store,@Shageronlinestore,7332,"💥Infantino Cuddle Up Ergonomic Baby Carrier

👉Carries children from 12-40lbs (5.4 - 18.1 kgs)
👉Comfortable, ergonomic seat for baby
👉2 ways to carry: Front and Backpack
👉Removable canopy hood with adorable teddy bear styling
👉Machine washable


    ዋጋ💵፦  💰3,200 ብር

🏢 አድራሻ ቁ.1 👉 መገናኛ ታሜ ጋስ ህንፃ ጎን ስሪ ኤም ሲቲ ሞል  ሁለተኛ ፎቅ ቢሮ ቁ. SL-05A(ከ ሊፍቱ ፊት ለ ፊት)

📍ቁ.2 👉ለቡ  መዳህኒዓለም ቤተ/ክርስቲያን ፊት ለፊት  #ዛም_ሞል 2ኛ ፎቅ ቢሮ ቁጥር.214


    📲 0909522840
    📲 0923350054

👍ለቡ ቅርንጫፍ📲0973611819

🔖
💬  በTelegram ለማዘዝ ⤵️ ይጠቀሙ
@shager_onlinestore
  
ለተጨማሪ ማብራሪያ የቴሌግራም ገፃችን⤵️
https://t.me/Shageronlinestore",2025-06-13T11:27:57+00:00,telegram_media\@Shageronlinestore_7332_1750610052.jpg,ዋጋ ፦ ብር አድራሻ ቁ መገናኛ ታሜ ጋስ ህንፃ ጎን ስሪ ኤም ሲቲ ሞል ሁለተኛ ፎቅ ቢሮ ቁ ከ ሊፍቱ ፊት ለ ፊት ቁ ለቡ መዳህኒዓለም ቤተ ክርስቲያን ፊት ለፊት ዛም ሞል ኛ ፎቅ ቢሮ ቁጥር ለቡ ቅርንጫፍ በ ለማዘዝ ይጠቀሙ ለተጨማሪ ማብራሪያ የቴሌግራም ገፃችን
Sheger online-store,@Shageronlinestore,7331,,2025-06-13T06:21:44+00:00,telegram_media\@Shageronlinestore_7331_1750610053.jpg,
Sheger online-store,@Shageronlinestore,7330,,2025-06-13T06:21:44+00:00,telegram_media\@Shageronlinestore_7330_1750610056.jpg,
Sheger online-store,@Shageronlinestore,7329,"💥Expanding Cookware Organiser

👉minimum size 30.5cm
👉Maximum size 56cm

         ዋጋ፦ 850 ብር

♦️ውስን ፍሬ ነው ያለው 🔥🔥🔥

🏢 አድራሻ  👉 መገናኛ ስሪ ኤም ሲቲ ሞል  ሁለተኛ ፎቅ ቢሮ ቁ. SL-05A(ከ ሊፍቱ ፊት ለ ፊት)

    📍ቁ.2 👉ለቡ  መዳህኒዓለም ቤተ/ክርስቲያን 100ሜ ወደ ሙዚቃ ቤት ከፍ ብሎ  #ዛም_ሞል 2ኛ ፎቅ ቢሮ.ቁ 214


    📲 0909522840
    📲 0923350054

👍ለቡ ቅርንጫፍ📲0973611819


🔖
💬  በTelegram ለማዘዝ ⤵️ ይጠቀሙ
@shager_onlinestore
  
ለተጨማሪ ማብራሪያ የቴሌግራም ገፃችን⤵️
https://t.me/Shageronlinestore",2025-06-13T06:21:44+00:00,telegram_media\@Shageronlinestore_7329_1750610058.jpg,ዋጋ፦ ብር ውስን ፍሬ ነው ያለው አድራሻ መገናኛ ስሪ ኤም ሲቲ ሞል ሁለተኛ ፎቅ ቢሮ ቁ ከ ሊፍቱ ፊት ለ ፊት ቁ ለቡ መዳህኒዓለም ቤተ ክርስቲያን ሜ ወደ ሙዚቃ ቤት ከፍ ብሎ ዛም ሞል ኛ ፎቅ ቢሮ ቁ ለቡ ቅርንጫፍ በ ለማዘዝ ይጠቀሙ ለተጨማሪ ማብራሪያ የቴሌግራም ገፃችን
Sheger online-store,@Shageronlinestore,7328,"💥Garlic press Chopper

🔰Kitchen ginger garlic press.Quick grinding.Saving you time.
🔰Manual extrusion and grinding.
🔰Stainless steel material.Food grade safety material.Durable and easy to clean.
🔰Curved plastic handle.Comfortable to use.

ዋጋ፦  💰🏷 350 ብር

📍ውስን ፍሬ ነው ያለን/ Limited Stock

❌ዉስን ፍሬ ነው ያለን❌

🏢 አድራሻ ቁ.1 👉 መገናኛ ታሜ ጋስ ህንፃ ጎን ስሪ ኤም ሲቲ ሞል  ሁለተኛ ፎቅ ቢሮ ቁ. SL-05A(ከ ሊፍቱ ፊት ለ ፊት)

📍ቁ.2 👉ለቡ  መዳህኒዓለም ቤተ/ክርስቲያን 100ሜ ወደ ሙዚቃ ቤት ከፍ ብሎ  #ዛም_ሞል 2ኛ ፎቅ ቢሮ.ቁ 214


    📲 0909522840
    📲 0923350054

👍ለቡ ቅርንጫፍ📲0973611819


🔖
💬  በTelegram ለማዘዝ ⤵️ ይጠቀሙ
@shager_onlinestore
  
ለተጨማሪ ማብራሪያ የቴሌግራም ገፃችን⤵️
https://t.me/Shageronlinestore",2025-06-12T16:28:32+00:00,,ዋጋ፦ ብር ውስን ፍሬ ነው ያለን ዉስን ፍሬ ነው ያለን አድራሻ ቁ መገናኛ ታሜ ጋስ ህንፃ ጎን ስሪ ኤም ሲቲ ሞል ሁለተኛ ፎቅ ቢሮ ቁ ከ ሊፍቱ ፊት ለ ፊት ቁ ለቡ መዳህኒዓለም ቤተ ክርስቲያን ሜ ወደ ሙዚቃ ቤት ከፍ ብሎ ዛም ሞል ኛ ፎቅ ቢሮ ቁ ለቡ ቅርንጫፍ በ ለማዘዝ ይጠቀሙ ለተጨማሪ ማብራሪያ የቴሌግራም ገፃችን
Sheger online-store,@Shageronlinestore,7327,,2025-06-12T10:24:36+00:00,telegram_media\@Shageronlinestore_7327_1750610060.jpg,
Sheger online-store,@Shageronlinestore,7326,,2025-06-12T10:24:36+00:00,telegram_media\@Shageronlinestore_7326_1750610062.jpg,
Sheger online-store,@Shageronlinestore,7325,,2025-06-12T10:24:36+00:00,telegram_media\@Shageronlinestore_7325_1750610065.jpg,
Sheger online-store,@Shageronlinestore,7324,,2025-06-12T10:24:36+00:00,telegram_media\@Shageronlinestore_7324_1750610065.jpg,
Sheger online-store,@Shageronlinestore,7323,"👠36 pairs over the door shoe rack👞👢👟

👉 በቀላሉ የሚገጣጠም የሚነቃቀል
👉ኑሮን የሚያቀል
👉ቦታ የማይዝ 
👉ለአጠቃቀም በጣም ቀላል
👉ባለ 12 መደርደሪያ 
👉36 ጫማ የሚይዝ በር ላይ ተንጠልጣይ


Size 50*20*183cm

         ዋጋ:-3,100 ብር

📍ውስን ፍሬ ነው ያለን/ Limited Stock

🏢 አድራሻ ቁ.1 👉 መገናኛ ታሜ ጋስ ህንፃ ጎን ስሪ ኤም ሲቲ ሞል  ሁለተኛ ፎቅ ቢሮ ቁ. SL-05A(ከ ሊፍቱ ፊት ለ ፊት)

📍ቁ.2 👉ለቡ  መዳህኒዓለም ቤተ/ክርስቲያን 100ሜ ወደ ሙዚቃ ቤት ከፍ ብሎ  #ዛም_ሞል 2ኛ ፎቅ ቢሮ.ቁ 214


    📲 0909522840
    📲 0923350054

👍ለቡ ቅርንጫፍ📲0973611819


🔖
💬  በTelegram ለማዘዝ ⤵️ ይጠቀሙ
@shager_onlinestore
  
ለተጨማሪ ማብራሪያ የቴሌግራም ገፃችን⤵️
https://t.me/Shageronlinestore
 ",2025-06-12T10:24:36+00:00,telegram_media\@Shageronlinestore_7323_1750610067.jpg,በቀላሉ የሚገጣጠም የሚነቃቀል ኑሮን የሚያቀል ቦታ የማይዝ ለአጠቃቀም በጣም ቀላል ባለ መደርደሪያ ጫማ የሚይዝ በር ላይ ተንጠልጣይ ዋጋ ብር ውስን ፍሬ ነው ያለን አድራሻ ቁ መገናኛ ታሜ ጋስ ህንፃ ጎን ስሪ ኤም ሲቲ ሞል ሁለተኛ ፎቅ ቢሮ ቁ ከ ሊፍቱ ፊት ለ ፊት ቁ ለቡ መዳህኒዓለም ቤተ ክርስቲያን ሜ ወደ ሙዚቃ ቤት ከፍ ብሎ ዛም ሞል ኛ ፎቅ ቢሮ ቁ ለቡ ቅርንጫፍ በ ለማዘዝ ይጠቀሙ ለተጨማሪ ማብራሪያ የቴሌግራም ገፃችን
Sheger online-store,@Shageronlinestore,7322,"👠36 pairs over the door shoe rack👞👢👟

👉 በቀላሉ የሚገጣጠም የሚነቃቀል
👉ኑሮን የሚያቀል
👉ቦታ የማይዝ 
👉ለአጠቃቀም በጣም ቀላል
👉ባለ 12 መደርደሪያ 
👉36 ጫማ የሚይዝ በር ላይ ተንጠልጣይ


Size 50*20*183cm

         ዋጋ:-3,100 ብር

📍ውስን ፍሬ ነው ያለን/ Limited Stock

🏢 አድራሻ ቁ.1 👉 መገናኛ ታሜ ጋስ ህንፃ ጎን ስሪ ኤም ሲቲ ሞል  ሁለተኛ ፎቅ ቢሮ ቁ. SL-05A(ከ ሊፍቱ ፊት ለ ፊት)

📍ቁ.2 👉ለቡ  መዳህኒዓለም ቤተ/ክርስቲያን 100ሜ ወደ ሙዚቃ ቤት ከፍ ብሎ  #ዛም_ሞል 2ኛ ፎቅ ቢሮ.ቁ 214


    📲 0909522840
    📲 0923350054

👍ለቡ ቅርንጫፍ📲0973611819


🔖
💬  በTelegram ለማዘዝ ⤵️ ይጠቀሙ
@shager_onlinestore
  
ለተጨማሪ ማብራሪያ የቴሌግራም ገፃችን⤵️
https://t.me/Shageronlinestore
 ",2025-06-12T10:24:35+00:00,,በቀላሉ የሚገጣጠም የሚነቃቀል ኑሮን የሚያቀል ቦታ የማይዝ ለአጠቃቀም በጣም ቀላል ባለ መደርደሪያ ጫማ የሚይዝ በር ላይ ተንጠልጣይ ዋጋ ብር ውስን ፍሬ ነው ያለን አድራሻ ቁ መገናኛ ታሜ ጋስ ህንፃ ጎን ስሪ ኤም ሲቲ ሞል ሁለተኛ ፎቅ ቢሮ ቁ ከ ሊፍቱ ፊት ለ ፊት ቁ ለቡ መዳህኒዓለም ቤተ ክርስቲያን ሜ ወደ ሙዚቃ ቤት ከፍ ብሎ ዛም ሞል ኛ ፎቅ ቢሮ ቁ ለቡ ቅርንጫፍ በ ለማዘዝ ይጠቀሙ ለተጨማሪ ማብራሪያ የቴሌግራም ገፃችን
Sheger online-store,@Shageronlinestore,7321,"☀Rechargeable Breast Pump

✨BPA Free

👋portable

     ዋጋ፦  2,100 ብር

🏢 አድራሻ ቁ.1 👉 መገናኛ ታሜ ጋስ ህንፃ ጎን ስሪ ኤም ሲቲ ሞል  ሁለተኛ ፎቅ ቢሮ ቁ. SL-05A(ከ ሊፍቱ ፊት ለ ፊት)

📍ቁ.2 👉ለቡ  መዳህኒዓለም ቤተ/ክርስቲያን ፊት ለፊት  #ዛም_ሞል 2ኛ ፎቅ ቢሮ ቁጥር.214


    📲 0909522840
    📲 0923350054

👍ለቡ ቅርንጫፍ📲0973611819

🔖
💬  በTelegram ለማዘዝ ⤵️ ይጠቀሙ
@shager_onlinestore
  
ለተጨማሪ ማብራሪያ የቴሌግራም ገፃችን⤵️
https://t.me/Shageronlinestore",2025-06-12T08:36:47+00:00,,ዋጋ፦ ብር አድራሻ ቁ መገናኛ ታሜ ጋስ ህንፃ ጎን ስሪ ኤም ሲቲ ሞል ሁለተኛ ፎቅ ቢሮ ቁ ከ ሊፍቱ ፊት ለ ፊት ቁ ለቡ መዳህኒዓለም ቤተ ክርስቲያን ፊት ለፊት ዛም ሞል ኛ ፎቅ ቢሮ ቁጥር ለቡ ቅርንጫፍ በ ለማዘዝ ይጠቀሙ ለተጨማሪ ማብራሪያ የቴሌግራም ገፃችን
Sheger online-store,@Shageronlinestore,7320,,2025-06-12T08:36:47+00:00,telegram_media\@Shageronlinestore_7320_1750610068.jpg,
Sheger online-store,@Shageronlinestore,7319,,2025-06-12T08:36:47+00:00,telegram_media\@Shageronlinestore_7319_1750610069.jpg,
Sheger online-store,@Shageronlinestore,7318,,2025-06-12T08:36:47+00:00,telegram_media\@Shageronlinestore_7318_1750610069.jpg,
Sheger online-store,@Shageronlinestore,7317,,2025-06-12T08:36:47+00:00,telegram_media\@Shageronlinestore_7317_1750610070.jpg,
Sheger online-store,@Shageronlinestore,7316,"☀Rechargeable Breast Pump

✨BPA Free

👋portable

     ዋጋ፦  2,100 ብር

🏢 አድራሻ ቁ.1 👉 መገናኛ ታሜ ጋስ ህንፃ ጎን ስሪ ኤም ሲቲ ሞል  ሁለተኛ ፎቅ ቢሮ ቁ. SL-05A(ከ ሊፍቱ ፊት ለ ፊት)

📍ቁ.2 👉ለቡ  መዳህኒዓለም ቤተ/ክርስቲያን ፊት ለፊት  #ዛም_ሞል 2ኛ ፎቅ ቢሮ ቁጥር.214


    📲 0909522840
    📲 0923350054

👍ለቡ ቅርንጫፍ📲0973611819

🔖
💬  በTelegram ለማዘዝ ⤵️ ይጠቀሙ
@shager_onlinestore
  
ለተጨማሪ ማብራሪያ የቴሌግራም ገፃችን⤵️
https://t.me/Shageronlinestore",2025-06-12T08:36:47+00:00,telegram_media\@Shageronlinestore_7316_1750610071.jpg,ዋጋ፦ ብር አድራሻ ቁ መገናኛ ታሜ ጋስ ህንፃ ጎን ስሪ ኤም ሲቲ ሞል ሁለተኛ ፎቅ ቢሮ ቁ ከ ሊፍቱ ፊት ለ ፊት ቁ ለቡ መዳህኒዓለም ቤተ ክርስቲያን ፊት ለፊት ዛም ሞል ኛ ፎቅ ቢሮ ቁጥር ለቡ ቅርንጫፍ በ ለማዘዝ ይጠቀሙ ለተጨማሪ ማብራሪያ የቴሌግራም ገፃችን
Sheger online-store,@Shageronlinestore,7315,"💥SAACHI**® CERAMIC PIZZA PAN**

⚡️ለቤትና ለሬስቶራንት አገልግሎት የሚውል 

⚡️ለአጠቃቀም ሆነ ለአያያዝ ቀላልና ምቹ የሆነ 

⚡️እንዲሁም:- ለፒዛ ፣ ለቡና መቁያነት ፣ ለአንባሻ ፣ ለጨጨብሳ ፣ ለፈጢራ ፣ ለዳቦ ፣ ለጥብስና ለተለያዩ አገልግሎቶች የሚሆን


⚡️ከ normal pizza pan በጥራት የተሻለ

⚡️አነስተኛ የኤሌክትሪክ ፍጆታ የሚጠቀም  

     
      ዋጋ፦6000ብር✅

✖️ውስን ፍሬ ነው ያለው

🏢 አድራሻ  ቁ.1👉 መገናኛ ስሪ ኤም ሲቲ ሞል  ሁለተኛ ፎቅ ቢሮ ቁ. SL-05A(ከ ሊፍቱ ፊት ለ ፊት)

📍ቁ.2 👉ለቡ  መዳህኒዓለም ቤተ/ክርስቲያን ፊት ለፊት  #ዛም_ሞል 2ኛ ፎቅ ቢሮ ቁጥር.214


👍ለቡ ቅርንጫፍ📲0973611819



    📲 0909522840
    📲 0923350054

🔖
💬  በTelegram ለማዘዝ ⤵️ ይጠቀሙ
@shager_onlinestore
  
ለተጨማሪ ማብራሪያ የቴሌግራም ገፃችን⤵️
https://t.me/Shageronlinestore",2025-06-11T13:49:38+00:00,telegram_media\@Shageronlinestore_7315_1750610072.jpg,ለቤትና ለሬስቶራንት አገልግሎት የሚውል ለአጠቃቀም ሆነ ለአያያዝ ቀላልና ምቹ የሆነ እንዲሁም ለፒዛ ፣ ለቡና መቁያነት ፣ ለአንባሻ ፣ ለጨጨብሳ ፣ ለፈጢራ ፣ ለዳቦ ፣ ለጥብስና ለተለያዩ አገልግሎቶች የሚሆን ከ በጥራት የተሻለ አነስተኛ የኤሌክትሪክ ፍጆታ የሚጠቀም ዋጋ፦ ብር ውስን ፍሬ ነው ያለው አድራሻ ቁ መገናኛ ስሪ ኤም ሲቲ ሞል ሁለተኛ ፎቅ ቢሮ ቁ ከ ሊፍቱ ፊት ለ ፊት ቁ ለቡ መዳህኒዓለም ቤተ ክርስቲያን ፊት ለፊት ዛም ሞል ኛ ፎቅ ቢሮ ቁጥር ለቡ ቅርንጫፍ በ ለማዘዝ ይጠቀሙ ለተጨማሪ ማብራሪያ የቴሌግራም ገፃችን
Sheger online-store,@Shageronlinestore,7314,"💥12pcs Silicone Kitchen Set

  220°c ድረስ መቆቆም እሚችል

👉available in different colors 

     ዋጋ፦ 2000ብር✅

                   
አድራሻ  ቁ.1👉 መገናኛ ስሪ ኤም ሲቲ ሞል  ሁለተኛ ፎቅ ቢሮ ቁ. SL-05A(ከ ሊፍቱ ፊት ለ ፊት)

📍ቁ.2 👉ለቡ  መዳህኒዓለም ቤተ/ክርስቲያን ፊት ለፊት  #ዛም_ሞል 2ኛ ፎቅ ቢሮ ቁጥር.214


👍ለቡ ቅርንጫፍ📲0973611819

     💧💧💧💧


    📲 0909522840
    📲 0923350054

🔖
💬  በTelegram ለማዘዝ ⤵️ ይጠቀሙ
@shager_onlinestore
  
ለተጨማሪ ማብራሪያ የቴሌግራም ገፃችን⤵️
https://t.me/Shageronlinestore",2025-06-11T06:31:11+00:00,,ድረስ መቆቆም እሚችል ዋጋ፦ ብር አድራሻ ቁ መገናኛ ስሪ ኤም ሲቲ ሞል ሁለተኛ ፎቅ ቢሮ ቁ ከ ሊፍቱ ፊት ለ ፊት ቁ ለቡ መዳህኒዓለም ቤተ ክርስቲያን ፊት ለፊት ዛም ሞል ኛ ፎቅ ቢሮ ቁጥር ለቡ ቅርንጫፍ በ ለማዘዝ ይጠቀሙ ለተጨማሪ ማብራሪያ የቴሌግራም ገፃችን
Sheger online-store,@Shageronlinestore,7313,,2025-06-11T06:31:11+00:00,telegram_media\@Shageronlinestore_7313_1750610073.jpg,
Sheger online-store,@Shageronlinestore,7312,"💥12pcs Silicone Kitchen Set

  220°c ድረስ መቆቆም እሚችል

👉available in different colors 

     ዋጋ፦ 2000ብር✅

                   
አድራሻ  ቁ.1👉 መገናኛ ስሪ ኤም ሲቲ ሞል  ሁለተኛ ፎቅ ቢሮ ቁ. SL-05A(ከ ሊፍቱ ፊት ለ ፊት)

📍ቁ.2 👉ለቡ  መዳህኒዓለም ቤተ/ክርስቲያን ፊት ለፊት  #ዛም_ሞል 2ኛ ፎቅ ቢሮ ቁጥር.214


👍ለቡ ቅርንጫፍ📲0973611819

     💧💧💧💧


    📲 0909522840
    📲 0923350054

🔖
💬  በTelegram ለማዘዝ ⤵️ ይጠቀሙ
@shager_onlinestore
  
ለተጨማሪ ማብራሪያ የቴሌግራም ገፃችን⤵️
https://t.me/Shageronlinestore",2025-06-11T06:31:11+00:00,telegram_media\@Shageronlinestore_7312_1750610074.jpg,ድረስ መቆቆም እሚችል ዋጋ፦ ብር አድራሻ ቁ መገናኛ ስሪ ኤም ሲቲ ሞል ሁለተኛ ፎቅ ቢሮ ቁ ከ ሊፍቱ ፊት ለ ፊት ቁ ለቡ መዳህኒዓለም ቤተ ክርስቲያን ፊት ለፊት ዛም ሞል ኛ ፎቅ ቢሮ ቁጥር ለቡ ቅርንጫፍ በ ለማዘዝ ይጠቀሙ ለተጨማሪ ማብራሪያ የቴሌግራም ገፃችን
Sheger online-store,@Shageronlinestore,7311,"💥 kitchen knife set


        ዋጋ:-2500ብር✅


❌ውስን ፍሬ ነው ያለው

🏢 አድራሻ ቁ.1 👉 መገናኛ ታሜ ጋስ ህንፃ ጎን ስሪ ኤም ሲቲ ሞል  ሁለተኛ ፎቅ ቢሮ ቁ. SL-05A(ከ ሊፍቱ ፊት ለ ፊት)

📍ቁ.2 👉ለቡ  መዳህኒዓለም ቤተ/ክርስቲያን ፊት ለፊት  #ዛም_ሞል 2ኛ ፎቅ ቢሮ ቁጥር.214


    📲 0909522840
    📲 0923350054

👍ለቡ ቅርንጫፍ📲0973611819

🔖
💬  በTelegram ለማዘዝ ⤵️ ይጠቀሙ
@shager_onlinestore
  
ለተጨማሪ ማብራሪያ የቴሌግራም ገፃችን⤵️
https://t.me/Shageronlinestore",2025-06-10T06:26:50+00:00,telegram_media\@Shageronlinestore_7311_1750610074.jpg,ዋጋ ብር ውስን ፍሬ ነው ያለው አድራሻ ቁ መገናኛ ታሜ ጋስ ህንፃ ጎን ስሪ ኤም ሲቲ ሞል ሁለተኛ ፎቅ ቢሮ ቁ ከ ሊፍቱ ፊት ለ ፊት ቁ ለቡ መዳህኒዓለም ቤተ ክርስቲያን ፊት ለፊት ዛም ሞል ኛ ፎቅ ቢሮ ቁጥር ለቡ ቅርንጫፍ በ ለማዘዝ ይጠቀሙ ለተጨማሪ ማብራሪያ የቴሌግራም ገፃችን
Sheger online-store,@Shageronlinestore,7310,"💥360° rotating cake turntable 

👉Size-28cm

👉cake-decorating turntable makes it simple to decorate profrssional looking desserts at home

👉great for left and right handed decorates makes the decorating process easy

👉non slip surface on top of the patform keeps cake or cake board in place while you decorate

          ዋጋ:-1300ብር

📍ውስን ፍሬ ነው ያለን/ Limited Stock

🏢 አድራሻ ቁ.1 👉 መገናኛ ታሜ ጋስ ህንፃ ጎን ስሪ ኤም ሲቲ ሞል  ሁለተኛ ፎቅ ቢሮ ቁ. SL-05A(ከ ሊፍቱ ፊት ለ ፊት)

📍ቁ.2 👉ለቡ  መዳህኒዓለም ቤተ/ክርስቲያን 100ሜ ወደ ሙዚቃ ቤት ከፍ ብሎ  #ዛም_ሞል 2ኛ ፎቅ ቢሮ.ቁ 214


    📲 0909522840
    📲 0923350054

👍ለቡ ቅርንጫፍ📲0973611819


🔖
💬  በTelegram ለማዘዝ ⤵️ ይጠቀሙ
@shager_onlinestore
  
ለተጨማሪ ማብራሪያ የቴሌግራም ገፃችን⤵️
https://t.me/Shageronlinestore
 ",2025-06-09T08:39:32+00:00,,ዋጋ ብር ውስን ፍሬ ነው ያለን አድራሻ ቁ መገናኛ ታሜ ጋስ ህንፃ ጎን ስሪ ኤም ሲቲ ሞል ሁለተኛ ፎቅ ቢሮ ቁ ከ ሊፍቱ ፊት ለ ፊት ቁ ለቡ መዳህኒዓለም ቤተ ክርስቲያን ሜ ወደ ሙዚቃ ቤት ከፍ ብሎ ዛም ሞል ኛ ፎቅ ቢሮ ቁ ለቡ ቅርንጫፍ በ ለማዘዝ ይጠቀሙ ለተጨማሪ ማብራሪያ የቴሌግራም ገፃችን
Sheger online-store,@Shageronlinestore,7309,,2025-06-09T08:39:32+00:00,telegram_media\@Shageronlinestore_7309_1750610075.jpg,
Sheger online-store,@Shageronlinestore,7308,,2025-06-09T08:39:32+00:00,telegram_media\@Shageronlinestore_7308_1750610076.jpg,
Sheger online-store,@Shageronlinestore,7307,"💥360° rotating cake turntable 

👉Size-28cm

👉cake-decorating turntable makes it simple to decorate profrssional looking desserts at home

👉great for left and right handed decorates makes the decorating process easy

👉non slip surface on top of the patform keeps cake or cake board in place while you decorate

          ዋጋ:-1300ብር

📍ውስን ፍሬ ነው ያለን/ Limited Stock

🏢 አድራሻ ቁ.1 👉 መገናኛ ታሜ ጋስ ህንፃ ጎን ስሪ ኤም ሲቲ ሞል  ሁለተኛ ፎቅ ቢሮ ቁ. SL-05A(ከ ሊፍቱ ፊት ለ ፊት)

📍ቁ.2 👉ለቡ  መዳህኒዓለም ቤተ/ክርስቲያን 100ሜ ወደ ሙዚቃ ቤት ከፍ ብሎ  #ዛም_ሞል 2ኛ ፎቅ ቢሮ.ቁ 214


    📲 0909522840
    📲 0923350054

👍ለቡ ቅርንጫፍ📲0973611819


🔖
💬  በTelegram ለማዘዝ ⤵️ ይጠቀሙ
@shager_onlinestore
  
ለተጨማሪ ማብራሪያ የቴሌግራም ገፃችን⤵️
https://t.me/Shageronlinestore
 ",2025-06-09T08:39:32+00:00,telegram_media\@Shageronlinestore_7307_1750610077.jpg,ዋጋ ብር ውስን ፍሬ ነው ያለን አድራሻ ቁ መገናኛ ታሜ ጋስ ህንፃ ጎን ስሪ ኤም ሲቲ ሞል ሁለተኛ ፎቅ ቢሮ ቁ ከ ሊፍቱ ፊት ለ ፊት ቁ ለቡ መዳህኒዓለም ቤተ ክርስቲያን ሜ ወደ ሙዚቃ ቤት ከፍ ብሎ ዛም ሞል ኛ ፎቅ ቢሮ ቁ ለቡ ቅርንጫፍ በ ለማዘዝ ይጠቀሙ ለተጨማሪ ማብራሪያ የቴሌግራም ገፃችን
Sheger online-store,@Shageronlinestore,7306,,2025-06-07T06:33:26+00:00,telegram_media\@Shageronlinestore_7306_1750610077.jpg,
Sheger online-store,@Shageronlinestore,7305,,2025-06-07T06:33:26+00:00,telegram_media\@Shageronlinestore_7305_1750610079.jpg,
Sheger online-store,@Shageronlinestore,7304,,2025-06-07T06:33:26+00:00,telegram_media\@Shageronlinestore_7304_1750610081.jpg,
Sheger online-store,@Shageronlinestore,7303,"🍉 Manual Fruit Juicer with jug

🙌ማንዋል የሎሚ እና የብርቱካን መጭመቂያ     

 👉Safe 
👉Quick 
👉Super Easy to Clean and 
👉Effective Juicing

            💰 ዋጋ፦ 🔠 1000 ብር

ውስን ፍሬ ነው የቀረው 🔠🔠

አድራሻ ቁ.1 👉 መገናኛ ታሜ ጋስ ህንፃ ጎን ስሪ ኤም ሲቲ ሞል  ሁለተኛ ፎቅ ቢሮ ቁ. SL-05A(ከ ሊፍቱ ፊት ለ ፊት)

📍ቁ.2 👉ለቡ  መዳህኒዓለም ቤተ/ክርስቲያን ፊት ለፊት  #ዛም_ሞል 2ኛ ፎቅ ቢሮ ቁጥር.214


    📲 0909522840
    📲 0923350054

👍ለቡ ቅርንጫፍ📲0973611819

💬  በTelegram ለማዘዝ ⤵️ ይጠቀሙ
@shager_onlinestore
  
ለተጨማሪ ማብራሪያ የቴሌግራም ገፃችን⤵️
https://t.me/Shageronlinestore",2025-06-07T06:33:26+00:00,telegram_media\@Shageronlinestore_7303_1750610082.jpg,ማንዋል የሎሚ እና የብርቱካን መጭመቂያ ዋጋ፦ ብር ውስን ፍሬ ነው የቀረው አድራሻ ቁ መገናኛ ታሜ ጋስ ህንፃ ጎን ስሪ ኤም ሲቲ ሞል ሁለተኛ ፎቅ ቢሮ ቁ ከ ሊፍቱ ፊት ለ ፊት ቁ ለቡ መዳህኒዓለም ቤተ ክርስቲያን ፊት ለፊት ዛም ሞል ኛ ፎቅ ቢሮ ቁጥር ለቡ ቅርንጫፍ በ ለማዘዝ ይጠቀሙ ለተጨማሪ ማብራሪያ የቴሌግራም ገፃችን
Sheger online-store,@Shageronlinestore,7302,"🍉 Manual Fruit Juicer

🙌ማንዋል የሎሚ እና የብርቱካን መጭመቂያ     

 👉Safe 
👉Quick 
👉Super Easy to Clean and 
👉Effective Juicing

            💰 ዋጋ፦ 🔠 1000 ብር

ውስን ፍሬ ነው የቀረው 🔠🔠

አድራሻ ቁ.1 👉 መገናኛ ታሜ ጋስ ህንፃ ጎን ስሪ ኤም ሲቲ ሞል  ሁለተኛ ፎቅ ቢሮ ቁ. SL-05A(ከ ሊፍቱ ፊት ለ ፊት)

📍ቁ.2 👉ለቡ  መዳህኒዓለም ቤተ/ክርስቲያን ፊት ለፊት  #ዛም_ሞል 2ኛ ፎቅ ቢሮ ቁጥር.214


    📲 0909522840
    📲 0923350054

👍ለቡ ቅርንጫፍ📲0973611819

💬  በTelegram ለማዘዝ ⤵️ ይጠቀሙ
@shager_onlinestore
  
ለተጨማሪ ማብራሪያ የቴሌግራም ገፃችን⤵️
https://t.me/Shageronlinestore",2025-06-07T06:33:26+00:00,,ማንዋል የሎሚ እና የብርቱካን መጭመቂያ ዋጋ፦ ብር ውስን ፍሬ ነው የቀረው አድራሻ ቁ መገናኛ ታሜ ጋስ ህንፃ ጎን ስሪ ኤም ሲቲ ሞል ሁለተኛ ፎቅ ቢሮ ቁ ከ ሊፍቱ ፊት ለ ፊት ቁ ለቡ መዳህኒዓለም ቤተ ክርስቲያን ፊት ለፊት ዛም ሞል ኛ ፎቅ ቢሮ ቁጥር ለቡ ቅርንጫፍ በ ለማዘዝ ይጠቀሙ ለተጨማሪ ማብራሪያ የቴሌግራም ገፃችን
Sheger online-store,@Shageronlinestore,7301,"💥Momcoc Smiley Face Non Stick Pancake Pan 😂😆

⚡️ Granite coated pan
⚡️100% የማይዝ
⚡️ በአንድ ግዜ 7 ኬክ ይጋግራል

  ዋጋ፦  💰 1700 ብር

📍ውስን ፍሬ ነው ያለን/ Limited Stock

🏢 አድራሻ ቁ.1 👉 መገናኛ ታሜ ጋስ ህንፃ ጎን ስሪ ኤም ሲቲ ሞል  ሁለተኛ ፎቅ ቢሮ ቁ. SL-05A(ከ ሊፍቱ ፊት ለ ፊት)

📍ቁ.2 👉ለቡ  መዳህኒዓለም ቤተ/ክርስቲያን ፊት ለፊት  #ዛም_ሞል 2ኛ ፎቅ ቢሮ ቁጥር.214


    📲 0909522840
    📲 0923350054

👍ለቡ ቅርንጫፍ📲0973611819

🔖
💬  በTelegram ለማዘዝ ⤵️ ይጠቀሙ
@shager_onlinestore
  
ለተጨማሪ ማብራሪያ የቴሌግራም ገፃችን⤵️
https://t.me/Shageronlinestore",2025-06-06T12:57:41+00:00,,የማይዝ በአንድ ግዜ ኬክ ይጋግራል ዋጋ፦ ብር ውስን ፍሬ ነው ያለን አድራሻ ቁ መገናኛ ታሜ ጋስ ህንፃ ጎን ስሪ ኤም ሲቲ ሞል ሁለተኛ ፎቅ ቢሮ ቁ ከ ሊፍቱ ፊት ለ ፊት ቁ ለቡ መዳህኒዓለም ቤተ ክርስቲያን ፊት ለፊት ዛም ሞል ኛ ፎቅ ቢሮ ቁጥር ለቡ ቅርንጫፍ በ ለማዘዝ ይጠቀሙ ለተጨማሪ ማብራሪያ የቴሌግራም ገፃችን
Sheger online-store,@Shageronlinestore,7300,,2025-06-06T12:57:41+00:00,telegram_media\@Shageronlinestore_7300_1750610083.jpg,
Sheger online-store,@Shageronlinestore,7299,,2025-06-06T12:57:41+00:00,telegram_media\@Shageronlinestore_7299_1750610085.jpg,
Sheger online-store,@Shageronlinestore,7298,"💥 Momcoc Smiley Face Non Stick Pancake Pan 😂😆

⚡️ Granite coated pan
⚡️100% የማይዝ
⚡️ በአንድ ግዜ 7 ኬክ ይጋግራል

  ዋጋ፦  💰 1700 ብር

📍ውስን ፍሬ ነው ያለን/ Limited Stock

🏢 አድራሻ ቁ.1 👉 መገናኛ ታሜ ጋስ ህንፃ ጎን ስሪ ኤም ሲቲ ሞል  ሁለተኛ ፎቅ ቢሮ ቁ. SL-05A(ከ ሊፍቱ ፊት ለ ፊት)

📍ቁ.2 👉ለቡ  መዳህኒዓለም ቤተ/ክርስቲያን ፊት ለፊት  #ዛም_ሞል 2ኛ ፎቅ ቢሮ ቁጥር.214


    📲 0909522840
    📲 0923350054

👍ለቡ ቅርንጫፍ📲0973611819

🔖
💬  በTelegram ለማዘዝ ⤵️ ይጠቀሙ
@shager_onlinestore
  
ለተጨማሪ ማብራሪያ የቴሌግራም ገፃችን⤵️
https://t.me/Shageronlinestore",2025-06-06T12:57:40+00:00,telegram_media\@Shageronlinestore_7298_1750610086.jpg,የማይዝ በአንድ ግዜ ኬክ ይጋግራል ዋጋ፦ ብር ውስን ፍሬ ነው ያለን አድራሻ ቁ መገናኛ ታሜ ጋስ ህንፃ ጎን ስሪ ኤም ሲቲ ሞል ሁለተኛ ፎቅ ቢሮ ቁ ከ ሊፍቱ ፊት ለ ፊት ቁ ለቡ መዳህኒዓለም ቤተ ክርስቲያን ፊት ለፊት ዛም ሞል ኛ ፎቅ ቢሮ ቁጥር ለቡ ቅርንጫፍ በ ለማዘዝ ይጠቀሙ ለተጨማሪ ማብራሪያ የቴሌግራም ገፃችን
Sheger online-store,@Shageronlinestore,7297,"💥 wc toilet rack/washing machin rack

⚡️ የመፀዳጃ ቤትዕቃዎች  መደርደሪያ
⚡️ ጠንካራ ብረት
⚡️ ሼልፉ የላሜራ 
⚡️ ብዙ ነገሮችን ያስቀምጡበታል
⚡️ አገጣጠሙ ቀላል
⚡️ በራሱ የሚቆም
⚡️ 1.60ሜትር ቁመት፣ 47ሣሜ ስፋት እና ሰፊው አካላ 25ሣሜ ጥልቀት ያለው
⚡️ ለኮንዶሚኒየም/አፓርታማ ቤቶች የሚፈለግ
        
       ዋጋ:- 3700ብር✅

✖️ውስን ፍሬ ነው ያለው

🏢 አድራሻ ቁ.1 👉 መገናኛ ስሪ ኤም ሲቲ ሞል  ሁለተኛ ፎቅ ቢሮ ቁ. SL-05A(ከ ሊፍቱ ፊት ለ ፊት)

📍ቁ.2 👉ለቡ  መዳህኒዓለም ቤተ/ክርስቲያን ፊት ለፊት  #ዛም_ሞል 2ኛ ፎቅ ቢሮ ቁጥር.214


👍ለቡ ቅርንጫፍ📲0973611819

     💧💧💧💧


    📲 0909522840
    📲 0923350054

🔖
💬  በTelegram ለማዘዝ ⤵️ ይጠቀሙ
@shager_onlinestore
  
ለተጨማሪ ማብራሪያ የቴሌግራም ገፃችን⤵️
https://t.me/Shageronlinestore",2025-06-06T07:09:45+00:00,,የመፀዳጃ ቤትዕቃዎች መደርደሪያ ጠንካራ ብረት ሼልፉ የላሜራ ብዙ ነገሮችን ያስቀምጡበታል አገጣጠሙ ቀላል በራሱ የሚቆም ሜትር ቁመት፣ ሣሜ ስፋት እና ሰፊው አካላ ሣሜ ጥልቀት ያለው ለኮንዶሚኒየም አፓርታማ ቤቶች የሚፈለግ ዋጋ ብር ውስን ፍሬ ነው ያለው አድራሻ ቁ መገናኛ ስሪ ኤም ሲቲ ሞል ሁለተኛ ፎቅ ቢሮ ቁ ከ ሊፍቱ ፊት ለ ፊት ቁ ለቡ መዳህኒዓለም ቤተ ክርስቲያን ፊት ለፊት ዛም ሞል ኛ ፎቅ ቢሮ ቁጥር ለቡ ቅርንጫፍ በ ለማዘዝ ይጠቀሙ ለተጨማሪ ማብራሪያ የቴሌግራም ገፃችን
Sheger online-store,@Shageronlinestore,7296,"💥 wc toilet rack/washing machin rack

⚡️ የመፀዳጃ ቤትዕቃዎች  መደርደሪያ
⚡️ ጠንካራ ብረት
⚡️ ሼልፉ የላሜራ 
⚡️ ብዙ ነገሮችን ያስቀምጡበታል
⚡️ አገጣጠሙ ቀላል
⚡️ በራሱ የሚቆም
⚡️ 1.60ሜትር ቁመት፣ 47ሣሜ ስፋት እና ሰፊው አካላ 25ሣሜ ጥልቀት ያለው
⚡️ ለኮንዶሚኒየም/አፓርታማ ቤቶች የሚፈለግ
        
       ዋጋ:- 3700ብር✅

✖️ውስን ፍሬ ነው ያለው

🏢 አድራሻ ቁ.1 👉 መገናኛ ስሪ ኤም ሲቲ ሞል  ሁለተኛ ፎቅ ቢሮ ቁ. SL-05A(ከ ሊፍቱ ፊት ለ ፊት)

📍ቁ.2 👉ለቡ  መዳህኒዓለም ቤተ/ክርስቲያን ፊት ለፊት  #ዛም_ሞል 2ኛ ፎቅ ቢሮ ቁጥር.214


👍ለቡ ቅርንጫፍ📲0973611819

     💧💧💧💧


    📲 0909522840
    📲 0923350054

🔖
💬  በTelegram ለማዘዝ ⤵️ ይጠቀሙ
@shager_onlinestore
  
ለተጨማሪ ማብራሪያ የቴሌግራም ገፃችን⤵️
https://t.me/Shageronlinestore",2025-06-06T07:09:45+00:00,telegram_media\@Shageronlinestore_7296_1750610089.jpg,የመፀዳጃ ቤትዕቃዎች መደርደሪያ ጠንካራ ብረት ሼልፉ የላሜራ ብዙ ነገሮችን ያስቀምጡበታል አገጣጠሙ ቀላል በራሱ የሚቆም ሜትር ቁመት፣ ሣሜ ስፋት እና ሰፊው አካላ ሣሜ ጥልቀት ያለው ለኮንዶሚኒየም አፓርታማ ቤቶች የሚፈለግ ዋጋ ብር ውስን ፍሬ ነው ያለው አድራሻ ቁ መገናኛ ስሪ ኤም ሲቲ ሞል ሁለተኛ ፎቅ ቢሮ ቁ ከ ሊፍቱ ፊት ለ ፊት ቁ ለቡ መዳህኒዓለም ቤተ ክርስቲያን ፊት ለፊት ዛም ሞል ኛ ፎቅ ቢሮ ቁጥር ለቡ ቅርንጫፍ በ ለማዘዝ ይጠቀሙ ለተጨማሪ ማብራሪያ የቴሌግራም ገፃችን
Sheger online-store,@Shageronlinestore,7295,"**👉ለመላው የእስልምና እምነት ተከታዮች በሙሉ እንኳን 1446ኛው የኢድ አል አድሃ (አረፋ) በዓል በሰላም አደረሳችሁ**።

 #ዛሬ_ሙሉ_ቀን_ሱቃችን_ክፍት_ነው

🌙ኢድ ሙባረክ!
☀️መልካም በዓል!!


🏢 አድራሻ  👉 መገናኛ ስሪ ኤም ሲቲ ሞል  ሁለተኛ ፎቅ ቢሮ ቁ. SL-05A(ከ ሊፍቱ ፊት ለ ፊት)

     💧💧💧💧


    📲 0909522840
    📲 0923350054

🔖
💬  በTelegram ለማዘዝ ⤵️ ይጠቀሙ
@shager_onlinestore
  
ለተጨማሪ ማብራሪያ የቴሌግራም ገፃችን⤵️
https://t.me/Shageronlinestore",2025-06-06T05:23:52+00:00,telegram_media\@Shageronlinestore_7295_1750610090.jpg,ለመላው የእስልምና እምነት ተከታዮች በሙሉ እንኳን ኛው የኢድ አል አድሃ አረፋ በዓል በሰላም አደረሳችሁ ። ዛሬ ሙሉ ቀን ሱቃችን ክፍት ነው ኢድ ሙባረክ መልካም በዓል አድራሻ መገናኛ ስሪ ኤም ሲቲ ሞል ሁለተኛ ፎቅ ቢሮ ቁ ከ ሊፍቱ ፊት ለ ፊት በ ለማዘዝ ይጠቀሙ ለተጨማሪ ማብራሪያ የቴሌግራም ገፃችን
Sheger online-store,@Shageronlinestore,7294,,2025-06-05T14:56:41+00:00,telegram_media\@Shageronlinestore_7294_1750610091.jpg,
Sheger online-store,@Shageronlinestore,7293,,2025-06-05T14:56:41+00:00,telegram_media\@Shageronlinestore_7293_1750610092.jpg,
Sheger online-store,@Shageronlinestore,7292,,2025-06-05T14:56:41+00:00,telegram_media\@Shageronlinestore_7292_1750610093.jpg,
Sheger online-store,@Shageronlinestore,7291,,2025-06-05T14:56:41+00:00,telegram_media\@Shageronlinestore_7291_1750610094.jpg,
Sheger online-store,@Shageronlinestore,7290,"🙌1pc under sink organizer

👍sink splash guard
👍waterproof and mildow proof mat
👍For kitchen and bathroom over sink organizer
👍available color:- gray

       ዋጋ:-700ብር👍

✖️ውስን ፍሬ ነው ያለው

🏢 አድራሻ ቁ.1 👉 መገናኛ ታሜ ጋስ ህንፃ ጎን ስሪ ኤም ሲቲ ሞል  ሁለተኛ ፎቅ ቢሮ ቁ. SL-05A(ከ ሊፍቱ ፊት ለ ፊት)

📍ቁ.2 👉ለቡ  መዳህኒዓለም ቤተ/ክርስቲያን 100ሜ ወደ ሙዚቃ ቤት ከፍ ብሎ  #ዛም_ሞል 2ኛ ፎቅ ቢሮ.ቁ 214


    📲 0909522840
    📲 0923350054

👍ለቡ ቅርንጫፍ📲0973611819


🔖
💬  በTelegram ለማዘዝ ⤵️ ይጠቀሙ
@shager_onlinestore
  
ለተጨማሪ ማብራሪያ የቴሌግራም ገፃችን⤵️
https://t.me/Shageronlinestor",2025-06-05T14:56:41+00:00,telegram_media\@Shageronlinestore_7290_1750610095.jpg,ዋጋ ብር ውስን ፍሬ ነው ያለው አድራሻ ቁ መገናኛ ታሜ ጋስ ህንፃ ጎን ስሪ ኤም ሲቲ ሞል ሁለተኛ ፎቅ ቢሮ ቁ ከ ሊፍቱ ፊት ለ ፊት ቁ ለቡ መዳህኒዓለም ቤተ ክርስቲያን ሜ ወደ ሙዚቃ ቤት ከፍ ብሎ ዛም ሞል ኛ ፎቅ ቢሮ ቁ ለቡ ቅርንጫፍ በ ለማዘዝ ይጠቀሙ ለተጨማሪ ማብራሪያ የቴሌግራም ገፃችን
Sheger online-store,@Shageronlinestore,7289,"💥Lint remover /Fabric shaver for clothes

🔰በቻርጅ የሚሰራ

   ዋጋ፦  💰🏷  900 ብር

♦️ውስን ፍሬ ነው ያለው

ውስን ፍሬ ነው ያለን/ Limited Stock 

🏢 አድራሻ ቁ.1 👉 መገናኛ ታሜ ጋስ ህንፃ ጎን ስሪ ኤም ሲቲ ሞል  ሁለተኛ ፎቅ ቢሮ ቁ. SL-05A(ከ ሊፍቱ ፊት ለ ፊት)

📍ቁ.2 👉ለቡ  መዳህኒዓለም ቤተ/ክርስቲያን 100ሜ ወደ ሙዚቃ ቤት ከፍ ብሎ  #ዛም_ሞል 2ኛ ፎቅ ቢሮ.ቁ 214


    📲 0909522840
    📲 0923350054

👍ለቡ ቅርንጫፍ📲0973611819


🔖
💬  በTelegram ለማዘዝ ⤵️ ይጠቀሙ
@shager_onlinestore
  
ለተጨማሪ ማብራሪያ የቴሌግራም ገፃችን⤵️
https://t.me/Shageronlinestor",2025-06-05T10:05:44+00:00,,በቻርጅ የሚሰራ ዋጋ፦ ብር ውስን ፍሬ ነው ያለው ውስን ፍሬ ነው ያለን አድራሻ ቁ መገናኛ ታሜ ጋስ ህንፃ ጎን ስሪ ኤም ሲቲ ሞል ሁለተኛ ፎቅ ቢሮ ቁ ከ ሊፍቱ ፊት ለ ፊት ቁ ለቡ መዳህኒዓለም ቤተ ክርስቲያን ሜ ወደ ሙዚቃ ቤት ከፍ ብሎ ዛም ሞል ኛ ፎቅ ቢሮ ቁ ለቡ ቅርንጫፍ በ ለማዘዝ ይጠቀሙ ለተጨማሪ ማብራሪያ የቴሌግራም ገፃችን
Sheger online-store,@Shageronlinestore,7288,,2025-06-05T10:05:44+00:00,telegram_media\@Shageronlinestore_7288_1750610096.jpg,
Sheger online-store,@Shageronlinestore,7287,"💥Lint remover /Fabric shaver for clothes

🔰በቻርጅ የሚሰራ

   ዋጋ፦  💰🏷  900 ብር

ውስን ፍሬ ነው ያለን/ Limited Stock 

🏢 አድራሻ ቁ.1 👉 መገናኛ ታሜ ጋስ ህንፃ ጎን ስሪ ኤም ሲቲ ሞል  ሁለተኛ ፎቅ ቢሮ ቁ. SL-05A(ከ ሊፍቱ ፊት ለ ፊት)

📍ቁ.2 👉ለቡ  መዳህኒዓለም ቤተ/ክርስቲያን 100ሜ ወደ ሙዚቃ ቤት ከፍ ብሎ  #ዛም_ሞል 2ኛ ፎቅ ቢሮ.ቁ 214


    📲 0909522840
    📲 0923350054

👍ለቡ ቅርንጫፍ📲0973611819


🔖
💬  በTelegram ለማዘዝ ⤵️ ይጠቀሙ
@shager_onlinestore
  
ለተጨማሪ ማብራሪያ የቴሌግራም ገፃችን⤵️
https://t.me/Shageronlinestor",2025-06-05T10:05:44+00:00,telegram_media\@Shageronlinestore_7287_1750610096.jpg,በቻርጅ የሚሰራ ዋጋ፦ ብር ውስን ፍሬ ነው ያለን አድራሻ ቁ መገናኛ ታሜ ጋስ ህንፃ ጎን ስሪ ኤም ሲቲ ሞል ሁለተኛ ፎቅ ቢሮ ቁ ከ ሊፍቱ ፊት ለ ፊት ቁ ለቡ መዳህኒዓለም ቤተ ክርስቲያን ሜ ወደ ሙዚቃ ቤት ከፍ ብሎ ዛም ሞል ኛ ፎቅ ቢሮ ቁ ለቡ ቅርንጫፍ በ ለማዘዝ ይጠቀሙ ለተጨማሪ ማብራሪያ የቴሌግራም ገፃችን
Sheger online-store,@Shageronlinestore,7286,,2025-06-05T10:05:44+00:00,telegram_media\@Shageronlinestore_7286_1750610097.jpg,
Sheger online-store,@Shageronlinestore,7285,,2025-06-05T10:05:44+00:00,telegram_media\@Shageronlinestore_7285_1750610099.jpg,
Sheger online-store,@Shageronlinestore,7284,"💥Head protector helmet for kids

   ዋጋ:-550ብር✅
  

🏢 አድራሻ ቁ.1 👉 መገናኛ ስሪ ኤም ሲቲ ሞል  ሁለተኛ ፎቅ ቢሮ ቁ. SL-05A(ከ ሊፍቱ ፊት ለ ፊት)

📍ቁ.2 👉ለቡ  መዳህኒዓለም ቤተ/ክርስቲያን ፊት ለፊት  #ዛም_ሞል 2ኛ ፎቅ ቢሮ ቁጥር.214


👍ለቡ ቅርንጫፍ📲0971611819

     💧💧💧💧


    📲 0909522840
    📲 0923350054

🔖
💬  በTelegram ለማዘዝ ⤵️ ይጠቀሙ
@shager_onlinestore
  
ለተጨማሪ ማብራሪያ የቴሌግራም ገፃችን⤵️
https://t.me/Shageronlinestore",2025-06-05T07:32:07+00:00,,ዋጋ ብር አድራሻ ቁ መገናኛ ስሪ ኤም ሲቲ ሞል ሁለተኛ ፎቅ ቢሮ ቁ ከ ሊፍቱ ፊት ለ ፊት ቁ ለቡ መዳህኒዓለም ቤተ ክርስቲያን ፊት ለፊት ዛም ሞል ኛ ፎቅ ቢሮ ቁጥር ለቡ ቅርንጫፍ በ ለማዘዝ ይጠቀሙ ለተጨማሪ ማብራሪያ የቴሌግራም ገፃችን
Sheger online-store,@Shageronlinestore,7283,"💥Head protector helmet for kids

       ዋጋ:-550ብር✅
  

🏢 አድራሻ ቁ.1 👉 መገናኛ ስሪ ኤም ሲቲ ሞል  ሁለተኛ ፎቅ ቢሮ ቁ. SL-05A(ከ ሊፍቱ ፊት ለ ፊት)

📍ቁ.2 👉ለቡ  መዳህኒዓለም ቤተ/ክርስቲያን ፊት ለፊት  #ዛም_ሞል 2ኛ ፎቅ ቢሮ ቁጥር.214


👍ለቡ ቅርንጫፍ📲0973611819

     💧💧💧💧


    📲 0909522840
    📲 0923350054

🔖
💬  በTelegram ለማዘዝ ⤵️ ይጠቀሙ
@shager_onlinestore
  
ለተጨማሪ ማብራሪያ የቴሌግራም ገፃችን⤵️
https://t.me/Shageronlinestore",2025-06-05T07:32:07+00:00,telegram_media\@Shageronlinestore_7283_1750610099.jpg,ዋጋ ብር አድራሻ ቁ መገናኛ ስሪ ኤም ሲቲ ሞል ሁለተኛ ፎቅ ቢሮ ቁ ከ ሊፍቱ ፊት ለ ፊት ቁ ለቡ መዳህኒዓለም ቤተ ክርስቲያን ፊት ለፊት ዛም ሞል ኛ ፎቅ ቢሮ ቁጥር ለቡ ቅርንጫፍ በ ለማዘዝ ይጠቀሙ ለተጨማሪ ማብራሪያ የቴሌግራም ገፃችን
Sheger online-store,@Shageronlinestore,7282,"💥Anti slip kids shoes 

👉እማያንሸራትት

        ዋጋ:-600ብር

🏢 አድራሻ  👉ቁ.1 መገናኛ ስሪ ኤም ሲቲ ሞል  ሁለተኛ ፎቅ ቢሮ ቁ. SL-05A(ከ ሊፍቱ ፊት ለ ፊት)

📍ቁ.2 👉ለቡ  መዳህኒዓለም ቤተ/ክርስቲያን ፊት ለፊት  #ዛም_ሞል 2ኛ ፎቅ ቢሮ ቁጥር.214


👍ለቡ ቅርንጫፍ📲0973611819



     💧💧💧💧


    📲 0909522840
    📲 0923350054

🔖
💬  በTelegram ለማዘዝ ⤵️ ይጠቀሙ
@shager_onlinestore
  
ለተጨማሪ ማብራሪያ የቴሌግራም ገፃችን⤵️
https://t.me/Shageronlinestore",2025-06-04T09:18:22+00:00,,እማያንሸራትት ዋጋ ብር አድራሻ ቁ መገናኛ ስሪ ኤም ሲቲ ሞል ሁለተኛ ፎቅ ቢሮ ቁ ከ ሊፍቱ ፊት ለ ፊት ቁ ለቡ መዳህኒዓለም ቤተ ክርስቲያን ፊት ለፊት ዛም ሞል ኛ ፎቅ ቢሮ ቁጥር ለቡ ቅርንጫፍ በ ለማዘዝ ይጠቀሙ ለተጨማሪ ማብራሪያ የቴሌግራም ገፃችን
Sheger online-store,@Shageronlinestore,7281,,2025-06-04T09:18:22+00:00,telegram_media\@Shageronlinestore_7281_1750610100.jpg,
Sheger online-store,@Shageronlinestore,7280,,2025-06-04T09:18:22+00:00,telegram_media\@Shageronlinestore_7280_1750610101.jpg,
Sheger online-store,@Shageronlinestore,7279,,2025-06-04T09:18:22+00:00,telegram_media\@Shageronlinestore_7279_1750610102.jpg,
Sheger online-store,@Shageronlinestore,7278,"💥Anti slip kids shoes 

👉እማያንሸራትት

        ዋጋ:-600ብር

🏢 አድራሻ  👉ቁ.1 መገናኛ ስሪ ኤም ሲቲ ሞል  ሁለተኛ ፎቅ ቢሮ ቁ. SL-05A(ከ ሊፍቱ ፊት ለ ፊት)

📍ቁ.2 👉ለቡ  መዳህኒዓለም ቤተ/ክርስቲያን ፊት ለፊት  #ዛም_ሞል 2ኛ ፎቅ ቢሮ ቁጥር.214


👍ለቡ ቅርንጫፍ📲0973611819



     💧💧💧💧


    📲 0909522840
    📲 0923350054

🔖
💬  በTelegram ለማዘዝ ⤵️ ይጠቀሙ
@shager_onlinestore
  
ለተጨማሪ ማብራሪያ የቴሌግራም ገፃችን⤵️
https://t.me/Shageronlinestore",2025-06-04T09:18:22+00:00,telegram_media\@Shageronlinestore_7278_1750610103.jpg,እማያንሸራትት ዋጋ ብር አድራሻ ቁ መገናኛ ስሪ ኤም ሲቲ ሞል ሁለተኛ ፎቅ ቢሮ ቁ ከ ሊፍቱ ፊት ለ ፊት ቁ ለቡ መዳህኒዓለም ቤተ ክርስቲያን ፊት ለፊት ዛም ሞል ኛ ፎቅ ቢሮ ቁጥር ለቡ ቅርንጫፍ በ ለማዘዝ ይጠቀሙ ለተጨማሪ ማብራሪያ የቴሌግራም ገፃችን
Sheger online-store,@Shageronlinestore,7277,,2025-06-04T08:15:04+00:00,,
Sheger online-store,@Shageronlinestore,7276,"💥2in1 dumpling maker 

👉ሳምቡሳን በቀላሉ ለመስራት

      ዋጋ፦ 700 ብር

♦️ውስን ፍሬ ነው ያለው

🏢 አድራሻ ቁ.1 👉 መገናኛ ታሜ ጋስ ህንፃ ጎን ስሪ ኤም ሲቲ ሞል  ሁለተኛ ፎቅ ቢሮ ቁ. SL-05A(ከ ሊፍቱ ፊት ለ ፊት)

📍ቁ.2 👉ለቡ  መዳህኒዓለም ቤተ/ክርስቲያን 100ሜ ወደ ሙዚቃ ቤት ከፍ ብሎ  #ዛም_ሞል 2ኛ ፎቅ ቢሮ.ቁ 214


    📲 0909522840
    📲 0923350054

👍ለቡ ቅርንጫፍ📲0973611819


🔖
💬  በTelegram ለማዘዝ ⤵️ ይጠቀሙ
@shager_onlinestore
  
ለተጨማሪ ማብራሪያ የቴሌግራም ገፃችን⤵️
https://t.me/Shageronlinestore          ",2025-06-04T05:20:42+00:00,,ሳምቡሳን በቀላሉ ለመስራት ዋጋ፦ ብር ውስን ፍሬ ነው ያለው አድራሻ ቁ መገናኛ ታሜ ጋስ ህንፃ ጎን ስሪ ኤም ሲቲ ሞል ሁለተኛ ፎቅ ቢሮ ቁ ከ ሊፍቱ ፊት ለ ፊት ቁ ለቡ መዳህኒዓለም ቤተ ክርስቲያን ሜ ወደ ሙዚቃ ቤት ከፍ ብሎ ዛም ሞል ኛ ፎቅ ቢሮ ቁ ለቡ ቅርንጫፍ በ ለማዘዝ ይጠቀሙ ለተጨማሪ ማብራሪያ የቴሌግራም ገፃችን
Sheger online-store,@Shageronlinestore,7275,"💥2in1 dumpling maker 

👉ሳምቡሳን በቀላሉ ለመስራት

      ዋጋ፦ 700 ብር

♦️ውስን ፍሬ ነው ያለው

🏢 አድራሻ ቁ.1 👉 መገናኛ ታሜ ጋስ ህንፃ ጎን ስሪ ኤም ሲቲ ሞል  ሁለተኛ ፎቅ ቢሮ ቁ. SL-05A(ከ ሊፍቱ ፊት ለ ፊት)

📍ቁ.2 👉ለቡ  መዳህኒዓለም ቤተ/ክርስቲያን 100ሜ ወደ ሙዚቃ ቤት ከፍ ብሎ  #ዛም_ሞል 2ኛ ፎቅ ቢሮ.ቁ 214


    📲 0909522840
    📲 0923350054

👍ለቡ ቅርንጫፍ📲0973611819


🔖
💬  በTelegram ለማዘዝ ⤵️ ይጠቀሙ
@shager_onlinestore
  
ለተጨማሪ ማብራሪያ የቴሌግራም ገፃችን⤵️
https://t.me/Shageronlinestore          ",2025-06-04T05:19:53+00:00,telegram_media\@Shageronlinestore_7275_1750610104.jpg,ሳምቡሳን በቀላሉ ለመስራት ዋጋ፦ ብር ውስን ፍሬ ነው ያለው አድራሻ ቁ መገናኛ ታሜ ጋስ ህንፃ ጎን ስሪ ኤም ሲቲ ሞል ሁለተኛ ፎቅ ቢሮ ቁ ከ ሊፍቱ ፊት ለ ፊት ቁ ለቡ መዳህኒዓለም ቤተ ክርስቲያን ሜ ወደ ሙዚቃ ቤት ከፍ ብሎ ዛም ሞል ኛ ፎቅ ቢሮ ቁ ለቡ ቅርንጫፍ በ ለማዘዝ ይጠቀሙ ለተጨማሪ ማብራሪያ የቴሌግራም ገፃችን
Sheger online-store,@Shageronlinestore,7274,,2025-06-03T15:41:52+00:00,telegram_media\@Shageronlinestore_7274_1750610105.jpg,
Sheger online-store,@Shageronlinestore,7273,"👋 Oven Gloves 

🍀 Heat Resistant Cushion Potholders

      ዋጋ፦400 ብር

📍ውስን ፍሬ ነው ያለን/ Limited Stock

🏢 አድራሻ ቁ.1 👉 መገናኛ ታሜ ጋስ ህንፃ ጎን ስሪ ኤም ሲቲ ሞል  ሁለተኛ ፎቅ ቢሮ ቁ. SL-05A(ከ ሊፍቱ ፊት ለ ፊት)

📍ቁ.2 👉ለቡ  መዳህኒዓለም ቤተ/ክርስቲያን  ወደ ሙዚቃ ቤት 100ሜትር ከፍ ብሎ  #ዛም_ሞል 2ኛ ፎቅ ቢሮ.ቁ 214


    📲 0909522840
    📲 0923350054

👍ለቡ ቅርንጫፍ📲0973611819


🔖
💬  በTelegram ለማዘዝ ⤵️ ይጠቀሙ
@shager_onlinestore
  
ለተጨማሪ ማብራሪያ የቴሌግራም ገፃችን⤵️
https://t.me/Shageronlinestore",2025-06-03T15:41:11+00:00,telegram_media\@Shageronlinestore_7273_1750610106.jpg,ዋጋ፦ ብር ውስን ፍሬ ነው ያለን አድራሻ ቁ መገናኛ ታሜ ጋስ ህንፃ ጎን ስሪ ኤም ሲቲ ሞል ሁለተኛ ፎቅ ቢሮ ቁ ከ ሊፍቱ ፊት ለ ፊት ቁ ለቡ መዳህኒዓለም ቤተ ክርስቲያን ወደ ሙዚቃ ቤት ሜትር ከፍ ብሎ ዛም ሞል ኛ ፎቅ ቢሮ ቁ ለቡ ቅርንጫፍ በ ለማዘዝ ይጠቀሙ ለተጨማሪ ማብራሪያ የቴሌግራም ገፃችን
Sheger online-store,@Shageronlinestore,7272,,2025-06-03T15:41:11+00:00,telegram_media\@Shageronlinestore_7272_1750610108.jpg,
Sheger online-store,@Shageronlinestore,7271,"❇️ Adjustable Posture Corrector
  
⚡Corrector Belt
⚡Great for Men and Women!!

👉የአንገት፣የትከሻ እና የወገብ ህመምን የሚቀርፍ 
👉Spinal-cord መደገፊያ አብሮ የተገጠመለት
👉 አቅዋሞን በማስተካከል ቀጥ ያል እና ማራኪ ቁመና ለመላበስ የሚመርጡት።

#Size:  Medium, Large, XL, 2XL & 3XL

          ዋጋ፦ ✅ 800 ብር

ውስን ፍሬ ነው ያለን/ Limited Stock 

🏢 አድራሻ ቁ.1 👉 መገናኛ ታሜ ጋስ ህንፃ ጎን ስሪ ኤም ሲቲ ሞል  ሁለተኛ ፎቅ ቢሮ ቁ. SL-05A(ከ ሊፍቱ ፊት ለ ፊት)

📍ቁ.2 👉ለቡ  መዳህኒዓለም ቤተ/ክርስቲያን 100ሜ ወደ ሙዚቃ ቤት ከፍ ብሎ  #ዛም_ሞል 2ኛ ፎቅ ቢሮ.ቁ 214


    📲 0909522840
    📲 0923350054

👍ለቡ ቅርንጫፍ📲0973611819


🔖
💬  በTelegram ለማዘዝ ⤵️ ይጠቀሙ
@shager_onlinestore
  
ለተጨማሪ ማብራሪያ የቴሌግራም ገፃችን⤵️
https://t.me/Shageronlinestore
 ",2025-06-03T10:38:07+00:00,,የአንገት፣የትከሻ እና የወገብ ህመምን የሚቀርፍ መደገፊያ አብሮ የተገጠመለት አቅዋሞን በማስተካከል ቀጥ ያል እና ማራኪ ቁመና ለመላበስ የሚመርጡት። ዋጋ፦ ብር ውስን ፍሬ ነው ያለን አድራሻ ቁ መገናኛ ታሜ ጋስ ህንፃ ጎን ስሪ ኤም ሲቲ ሞል ሁለተኛ ፎቅ ቢሮ ቁ ከ ሊፍቱ ፊት ለ ፊት ቁ ለቡ መዳህኒዓለም ቤተ ክርስቲያን ሜ ወደ ሙዚቃ ቤት ከፍ ብሎ ዛም ሞል ኛ ፎቅ ቢሮ ቁ ለቡ ቅርንጫፍ በ ለማዘዝ ይጠቀሙ ለተጨማሪ ማብራሪያ የቴሌግራም ገፃችን
Sheger online-store,@Shageronlinestore,7270,"❇️ Adjustable Posture Corrector
  
⚡Corrector Belt
⚡Great for Men and Women!!

👉የአንገት፣የትከሻ እና የወገብ ህመምን የሚቀርፍ 
👉Spinal-cord መደገፊያ አብሮ የተገጠመለት
👉 አቅዋሞን በማስተካከል ቀጥ ያል እና ማራኪ ቁመና ለመላበስ የሚመርጡት።

#Size:  Medium, Large, XL, 2XL & 3XL

          ዋጋ፦ ✅ 800 ብር

ውስን ፍሬ ነው ያለን/ Limited Stock 

🏢 አድራሻ ቁ.1 👉 መገናኛ ታሜ ጋስ ህንፃ ጎን ስሪ ኤም ሲቲ ሞል  ሁለተኛ ፎቅ ቢሮ ቁ. SL-05A(ከ ሊፍቱ ፊት ለ ፊት)

📍ቁ.2 👉ለቡ  መዳህኒዓለም ቤተ/ክርስቲያን 100ሜ ወደ ሙዚቃ ቤት ከፍ ብሎ  #ዛም_ሞል 2ኛ ፎቅ ቢሮ.ቁ 214


    📲 0909522840
    📲 0923350054

👍ለቡ ቅርንጫፍ📲0973611819


🔖
💬  በTelegram ለማዘዝ ⤵️ ይጠቀሙ
@shager_onlinestore
  
ለተጨማሪ ማብራሪያ የቴሌግራም ገፃችን⤵️
https://t.me/Shageronlinestore
 ",2025-06-03T10:37:23+00:00,telegram_media\@Shageronlinestore_7270_1750610110.jpg,የአንገት፣የትከሻ እና የወገብ ህመምን የሚቀርፍ መደገፊያ አብሮ የተገጠመለት አቅዋሞን በማስተካከል ቀጥ ያል እና ማራኪ ቁመና ለመላበስ የሚመርጡት። ዋጋ፦ ብር ውስን ፍሬ ነው ያለን አድራሻ ቁ መገናኛ ታሜ ጋስ ህንፃ ጎን ስሪ ኤም ሲቲ ሞል ሁለተኛ ፎቅ ቢሮ ቁ ከ ሊፍቱ ፊት ለ ፊት ቁ ለቡ መዳህኒዓለም ቤተ ክርስቲያን ሜ ወደ ሙዚቃ ቤት ከፍ ብሎ ዛም ሞል ኛ ፎቅ ቢሮ ቁ ለቡ ቅርንጫፍ በ ለማዘዝ ይጠቀሙ ለተጨማሪ ማብራሪያ የቴሌግራም ገፃችን
Sheger online-store,@Shageronlinestore,7269,,2025-06-03T10:37:23+00:00,telegram_media\@Shageronlinestore_7269_1750610111.jpg,
Sheger online-store,@Shageronlinestore,7268,"❇️ **Automatic Water Dispenser**

👉__ በቀላሉ ውሀ ከጃር  ወይም ከተለያዩ ዕቃዎች ውስጥ ያለምንም ሰው ንክኪ Automatically On/Off በማድረግ ውሀ ለመቅዳት የሚያስችል ልዩ የቴክኖሎጂ 

👉በ USB ቻርጅ የሚሰራ__

         **ዋጋ፦  ✅ 600 **ብር

ውስን ፍሬ ነው ያለን/ Limited Stock

🏢 አድራሻ ቁ.1 👉 መገናኛ ታሜ ጋስ ህንፃ ጎን ስሪ ኤም ሲቲ ሞል  ሁለተኛ ፎቅ ቢሮ ቁ. SL-05A(ከ ሊፍቱ ፊት ለ ፊት)

📍ቁ.2 👉ለቡ  መዳህኒዓለም ቤተ/ክርስቲያን ፊት ለፊት  #ዛም_ሞል 2ኛ ፎቅ ቢሮ ቁጥር.214


    📲 0909522840
    📲 0923350054

👍ለቡ ቅርንጫፍ📲0973611819

🔖
💬  በTelegram ለማዘዝ ⤵️ ይጠቀሙ
@shager_onlinestore
  
ለተጨማሪ ማብራሪያ የቴሌግራም ገፃችን⤵️
https://t.me/Shageronlinestore",2025-06-03T06:31:20+00:00,,በቀላሉ ውሀ ከጃር ወይም ከተለያዩ ዕቃዎች ውስጥ ያለምንም ሰው ንክኪ በማድረግ ውሀ ለመቅዳት የሚያስችል ልዩ የቴክኖሎጂ በ ቻርጅ የሚሰራ ዋጋ፦ ብር ውስን ፍሬ ነው ያለን አድራሻ ቁ መገናኛ ታሜ ጋስ ህንፃ ጎን ስሪ ኤም ሲቲ ሞል ሁለተኛ ፎቅ ቢሮ ቁ ከ ሊፍቱ ፊት ለ ፊት ቁ ለቡ መዳህኒዓለም ቤተ ክርስቲያን ፊት ለፊት ዛም ሞል ኛ ፎቅ ቢሮ ቁጥር ለቡ ቅርንጫፍ በ ለማዘዝ ይጠቀሙ ለተጨማሪ ማብራሪያ የቴሌግራም ገፃችን
Sheger online-store,@Shageronlinestore,7267,"💥 DUAL USE AIR COOLER FAN AND HUMIDIFIER

✨**ሞቃታማ በሆነ ጊዚ አየሩን የሚያቀዘቅዝ**

 😏ለቤት መልካም መዓዛን የሚሰጥ

😏Effectively improving air efficiency with the function of humidification and refrigeration

#Features**: **
⚡️Night Light
⚡️Dual Spray Mode
⚡️Unique Design 
⚡️Large water tank 
⚡️Powerful airflow__ 
**⚡️Colours: Green**__

          ዋጋ:-2,000ብር✅

ውስን ፍሬ ነው ያለን/ Limited Stock 

🏢 አድራሻ ቁ.1 👉 መገናኛ ታሜ ጋስ ህንፃ ጎን ስሪ ኤም ሲቲ ሞል  ሁለተኛ ፎቅ ቢሮ ቁ. SL-05A(ከ ሊፍቱ ፊት ለ ፊት)

📍ቁ.2 👉ለቡ  መዳህኒዓለም ቤተ/ክርስቲያን 100ሜ ወደ ሙዚቃ ቤት ከፍ ብሎ  #ዛም_ሞል 2ኛ ፎቅ ቢሮ.ቁ 214


    📲 0909522840
    📲 0923350054

👍ለቡ ቅርንጫፍ📲0973611819


🔖
💬  በTelegram ለማዘዝ ⤵️ ይጠቀሙ
@shager_onlinestore
  
ለተጨማሪ ማብራሪያ የቴሌግራም ገፃችን⤵️
https://t.me/Shageronlinestore
 ",2025-06-02T15:25:42+00:00,,ሞቃታማ በሆነ ጊዚ አየሩን የሚያቀዘቅዝ ለቤት መልካም መዓዛን የሚሰጥ ዋጋ ብር ውስን ፍሬ ነው ያለን አድራሻ ቁ መገናኛ ታሜ ጋስ ህንፃ ጎን ስሪ ኤም ሲቲ ሞል ሁለተኛ ፎቅ ቢሮ ቁ ከ ሊፍቱ ፊት ለ ፊት ቁ ለቡ መዳህኒዓለም ቤተ ክርስቲያን ሜ ወደ ሙዚቃ ቤት ከፍ ብሎ ዛም ሞል ኛ ፎቅ ቢሮ ቁ ለቡ ቅርንጫፍ በ ለማዘዝ ይጠቀሙ ለተጨማሪ ማብራሪያ የቴሌግራም ገፃችን
Sheger online-store,@Shageronlinestore,7266,"💥 DUAL USE AIR COOLER FAN AND HUMIDIFIER

✨**ሞቃታማ በሆነ ጊዚ አየሩን የሚያቀዘቅዝ**

 😏ለቤት መልካም መዓዛን የሚሰጥ

😏Effectively improving air efficiency with the function of humidification and refrigeration

**#Features****: **
⚡️Night Light
⚡️Dual Spray Mode
⚡️Unique Design 
⚡️Large water tank 
⚡️Powerful airflow__ 
**⚡️Colours: Green**__

          ዋጋ:-2000ብር✅

ውስን ፍሬ ነው ያለን/ Limited Stock 

🏢 አድራሻ ቁ.1 👉 መገናኛ ታሜ ጋስ ህንፃ ጎን ስሪ ኤም ሲቲ ሞል  ሁለተኛ ፎቅ ቢሮ ቁ. SL-05A(ከ ሊፍቱ ፊት ለ ፊት)

📍ቁ.2 👉ለቡ  መዳህኒዓለም ቤተ/ክርስቲያን 100ሜ ወደ ሙዚቃ ቤት ከፍ ብሎ  #ዛም_ሞል 2ኛ ፎቅ ቢሮ.ቁ 214


    📲 0909522840
    📲 0923350054

👍ለቡ ቅርንጫፍ📲0973611819


🔖
💬  በTelegram ለማዘዝ ⤵️ ይጠቀሙ
@shager_onlinestore
  
ለተጨማሪ ማብራሪያ የቴሌግራም ገፃችን⤵️
https://t.me/Shageronlinestore
 ",2025-06-02T15:25:42+00:00,,ሞቃታማ በሆነ ጊዚ አየሩን የሚያቀዘቅዝ ለቤት መልካም መዓዛን የሚሰጥ ዋጋ ብር ውስን ፍሬ ነው ያለን አድራሻ ቁ መገናኛ ታሜ ጋስ ህንፃ ጎን ስሪ ኤም ሲቲ ሞል ሁለተኛ ፎቅ ቢሮ ቁ ከ ሊፍቱ ፊት ለ ፊት ቁ ለቡ መዳህኒዓለም ቤተ ክርስቲያን ሜ ወደ ሙዚቃ ቤት ከፍ ብሎ ዛም ሞል ኛ ፎቅ ቢሮ ቁ ለቡ ቅርንጫፍ በ ለማዘዝ ይጠቀሙ ለተጨማሪ ማብራሪያ የቴሌግራም ገፃችን
Sheger online-store,@Shageronlinestore,7265,,2025-06-02T15:25:42+00:00,telegram_media\@Shageronlinestore_7265_1750610112.jpg,
Sheger online-store,@Shageronlinestore,7264,,2025-06-02T15:25:42+00:00,telegram_media\@Shageronlinestore_7264_1750610113.jpg,
Sheger online-store,@Shageronlinestore,7263,,2025-06-02T15:25:42+00:00,telegram_media\@Shageronlinestore_7263_1750610114.jpg,
Sheger online-store,@Shageronlinestore,7262,,2025-06-02T15:25:42+00:00,telegram_media\@Shageronlinestore_7262_1750610115.jpg,
Sheger online-store,@Shageronlinestore,7261,,2025-06-02T15:25:42+00:00,telegram_media\@Shageronlinestore_7261_1750610116.jpg,
Sheger online-store,@Shageronlinestore,7260,"💥DUEL USE AIR COOLER FAN AND HUMIDIFIER

✨**ሞቃታማ በሆነ ጊዚ አየሩን የሚያቀዘቅዝ**

 👉ለቤት መልካም መዓዛን የሚሰጥ

👉Effectively improving air efficiency with the function of humidification and refrigeration

**#Features****: **
⚡️Night Light
⚡️Dual Spray Mode
⚡️Unique Design 
⚡️Large water tank 
⚡️Powerful airflow__ 
**⚡️Colours: Green**__

          ዋጋ:-2,000ብር✅

ውስን ፍሬ ነው ያለን/ Limited Stock 

🏢 አድራሻ ቁ.1 👉 መገናኛ ታሜ ጋስ ህንፃ ጎን ስሪ ኤም ሲቲ ሞል  ሁለተኛ ፎቅ ቢሮ ቁ. SL-05A(ከ ሊፍቱ ፊት ለ ፊት)

📍ቁ.2 👉ለቡ  መዳህኒዓለም ቤተ/ክርስቲያን 100ሜ ወደ ሙዚቃ ቤት ከፍ ብሎ  #ዛም_ሞል 2ኛ ፎቅ ቢሮ.ቁ 214


    📲 0909522840
    📲 0923350054

👍ለቡ ቅርንጫፍ📲0973611819


🔖
💬  በTelegram ለማዘዝ ⤵️ ይጠቀሙ
@shager_onlinestore
  
ለተጨማሪ ማብራሪያ የቴሌግራም ገፃችን⤵️
https://t.me/Shageronlinestore
 ",2025-06-02T15:25:42+00:00,telegram_media\@Shageronlinestore_7260_1750610117.jpg,ሞቃታማ በሆነ ጊዚ አየሩን የሚያቀዘቅዝ ለቤት መልካም መዓዛን የሚሰጥ ዋጋ ብር ውስን ፍሬ ነው ያለን አድራሻ ቁ መገናኛ ታሜ ጋስ ህንፃ ጎን ስሪ ኤም ሲቲ ሞል ሁለተኛ ፎቅ ቢሮ ቁ ከ ሊፍቱ ፊት ለ ፊት ቁ ለቡ መዳህኒዓለም ቤተ ክርስቲያን ሜ ወደ ሙዚቃ ቤት ከፍ ብሎ ዛም ሞል ኛ ፎቅ ቢሮ ቁ ለቡ ቅርንጫፍ በ ለማዘዝ ይጠቀሙ ለተጨማሪ ማብራሪያ የቴሌግራም ገፃችን
Sheger online-store,@Shageronlinestore,7259,"❇️High pressure water Gun nozzle

   🔰መኪና ለማጠብ
   🔰ግቢ ለማፅዳት ተመራጭ
   🔰የራሱ መለዋወጫ ያለው

ዋጋ፦  💰🏷  800 ብር

ውስን ፍሬ ነው ያለው🔥🔥🔥

ውስን ፍሬ ነው ያለን/ Limited Stock 

🏢 አድራሻ ቁ.1 👉 መገናኛ ታሜ ጋስ ህንፃ ጎን ስሪ ኤም ሲቲ ሞል  ሁለተኛ ፎቅ ቢሮ ቁ. SL-05A(ከ ሊፍቱ ፊት ለ ፊት)

📍ቁ.2 👉ለቡ  መዳህኒዓለም ቤተ/ክርስቲያን 100ሜ ወደ ሙዚቃ ቤት ከፍ ብሎ  #ዛም_ሞል 2ኛ ፎቅ ቢሮ.ቁ 214


    📲 0909522840
    📲 0923350054

👍ለቡ ቅርንጫፍ📲0973611819


🔖
💬  በTelegram ለማዘዝ ⤵️ ይጠቀሙ
@shager_onlinestore
  
ለተጨማሪ ማብራሪያ የቴሌግራም ገፃችን⤵️
https://t.me/Shageronlinestore
 ",2025-06-02T11:21:51+00:00,,መኪና ለማጠብ ግቢ ለማፅዳት ተመራጭ የራሱ መለዋወጫ ያለው ዋጋ፦ ብር ውስን ፍሬ ነው ያለው ውስን ፍሬ ነው ያለን አድራሻ ቁ መገናኛ ታሜ ጋስ ህንፃ ጎን ስሪ ኤም ሲቲ ሞል ሁለተኛ ፎቅ ቢሮ ቁ ከ ሊፍቱ ፊት ለ ፊት ቁ ለቡ መዳህኒዓለም ቤተ ክርስቲያን ሜ ወደ ሙዚቃ ቤት ከፍ ብሎ ዛም ሞል ኛ ፎቅ ቢሮ ቁ ለቡ ቅርንጫፍ በ ለማዘዝ ይጠቀሙ ለተጨማሪ ማብራሪያ የቴሌግራም ገፃችን
Sheger online-store,@Shageronlinestore,7258,"💥 4 set seasoning bottles 

👍2 ፍሬ የዘይት እና አቼቶ መቀነሻ
👍2 ፍሬ የቅመም መቀነሻ እና የራሱ መነስነሻ ያለው
👍የራሱ የሆነ ማስቀመጫ ያለው
👍ለራስዎ፣ለወዳጅ ዘመድዎ የሚያበረክቱት አስተማማኝ እቃ

ዋጋ፦  💲  1600 ብር

♦️ውስን ፍሬ ነው ያለው🔥🔥🔥

ውስን ፍሬ ነው ያለን/ Limited Stock 

🏢 አድራሻ ቁ.1 👉 መገናኛ ታሜ ጋስ ህንፃ ጎን ስሪ ኤም ሲቲ ሞል  ሁለተኛ ፎቅ ቢሮ ቁ. SL-05A(ከ ሊፍቱ ፊት ለ ፊት)

📍ቁ.2 👉ለቡ  መዳህኒዓለም ቤተ/ክርስቲያን 100ሜ ወደ ሙዚቃ ቤት ከፍ ብሎ  #ዛም_ሞል 2ኛ ፎቅ ቢሮ.ቁ 214


    📲 0909522840
    📲 0923350054

👍ለቡ ቅርንጫፍ📲0973611819


🔖
💬  በTelegram ለማዘዝ ⤵️ ይጠቀሙ
@shager_onlinestore
  
ለተጨማሪ ማብራሪያ የቴሌግራም ገፃችን⤵️
https://t.me/Shageronlinestore
 ",2025-06-02T07:07:24+00:00,telegram_media\@Shageronlinestore_7258_1750610118.jpg,ፍሬ የዘይት እና አቼቶ መቀነሻ ፍሬ የቅመም መቀነሻ እና የራሱ መነስነሻ ያለው የራሱ የሆነ ማስቀመጫ ያለው ለራስዎ፣ለወዳጅ ዘመድዎ የሚያበረክቱት አስተማማኝ እቃ ዋጋ፦ ብር ውስን ፍሬ ነው ያለው ውስን ፍሬ ነው ያለን አድራሻ ቁ መገናኛ ታሜ ጋስ ህንፃ ጎን ስሪ ኤም ሲቲ ሞል ሁለተኛ ፎቅ ቢሮ ቁ ከ ሊፍቱ ፊት ለ ፊት ቁ ለቡ መዳህኒዓለም ቤተ ክርስቲያን ሜ ወደ ሙዚቃ ቤት ከፍ ብሎ ዛም ሞል ኛ ፎቅ ቢሮ ቁ ለቡ ቅርንጫፍ በ ለማዘዝ ይጠቀሙ ለተጨማሪ ማብራሪያ የቴሌግራም ገፃችን
Sheger online-store,@Shageronlinestore,7257,"💥 4 set seasoning bottles 

👍2 ፍሬ የዘይት እና አቼቶ መቀነሻ
👍2 ፍሬ የቅመም መቀነሻ እና የራሱ መነስነሻ ያለው
👍የራሱ የሆነ ማስቀመጫ ያለው
👍ለራስዎ፣ለወዳጅ ዘመድዎ የሚያበረክቱት አስተማማኝ እቃ

ዋጋ፦  💲  1600 ብር

♦️ውስን ፍሬ ነው ያለው🔥🔥🔥

ውስን ፍሬ ነው ያለን/ Limited Stock 

🏢 አድራሻ ቁ.1 👉 መገናኛ ታሜ ጋስ ህንፃ ጎን ስሪ ኤም ሲቲ ሞል  ሁለተኛ ፎቅ ቢሮ ቁ. SL-05A(ከ ሊፍቱ ፊት ለ ፊት)

📍ቁ.2 👉ለቡ  መዳህኒዓለም ቤተ/ክርስቲያን 100ሜ ወደ ሙዚቃ ቤት ከፍ ብሎ  #ዛም_ሞል 2ኛ ፎቅ ቢሮ.ቁ 214


    📲 0909522840
    📲 0923350054

👍ለቡ ቅርንጫፍ📲0973611819


🔖
💬  በTelegram ለማዘዝ ⤵️ ይጠቀሙ
@shager_onlinestore
  
ለተጨማሪ ማብራሪያ የቴሌግራም ገፃችን⤵️
https://t.me/Shageronlinestore
 ",2025-06-02T07:06:38+00:00,telegram_media\@Shageronlinestore_7257_1750610120.jpg,ፍሬ የዘይት እና አቼቶ መቀነሻ ፍሬ የቅመም መቀነሻ እና የራሱ መነስነሻ ያለው የራሱ የሆነ ማስቀመጫ ያለው ለራስዎ፣ለወዳጅ ዘመድዎ የሚያበረክቱት አስተማማኝ እቃ ዋጋ፦ ብር ውስን ፍሬ ነው ያለው ውስን ፍሬ ነው ያለን አድራሻ ቁ መገናኛ ታሜ ጋስ ህንፃ ጎን ስሪ ኤም ሲቲ ሞል ሁለተኛ ፎቅ ቢሮ ቁ ከ ሊፍቱ ፊት ለ ፊት ቁ ለቡ መዳህኒዓለም ቤተ ክርስቲያን ሜ ወደ ሙዚቃ ቤት ከፍ ብሎ ዛም ሞል ኛ ፎቅ ቢሮ ቁ ለቡ ቅርንጫፍ በ ለማዘዝ ይጠቀሙ ለተጨማሪ ማብራሪያ የቴሌግራም ገፃችን
Sheger online-store,@Shageronlinestore,7256,"💥Delux baby bather

👉ሲንክ ላይ የሻወር ገንዳ ላይ ለማጠብ ምቹ 
👉በቀላሉ የሚተጣጠፍ እና ለማስቀመጥ ቦታ የማይዝ
👉3 የአቀማመጥ ደረጃወች ስላሉት 
    ቀና አድርገን እና ጋደም አድርገን ለማጠብ
    የሚመች
👉ፀሀይ ለማሞቅ የሚመች

      ዋጋ:-2000ብር✅✅

📍ውስን ፍሬ ነው ያለን/ Limited Stock

       
🏢 አድራሻ ቁ.1 👉 መገናኛ ታሜ ጋስ ህንፃ ጎን ስሪ ኤም ሲቲ ሞል  ሁለተኛ ፎቅ ቢሮ ቁ. SL-05A(ከ ሊፍቱ ፊት ለ ፊት)

📍ቁ.2 👉ለቡ  መዳህኒዓለም ቤተ/ክርስቲያን 100ሜ ወደ ሙዚቃ ቤት ከፍ ብሎ  #ዛም_ሞል 2ኛ ፎቅ ቢሮ.ቁ 214


    📲 0909522840
    📲 0923350054

👍ለቡ ቅርንጫፍ📲0973611819


🔖
💬  በTelegram ለማዘዝ ⤵️ ይጠቀሙ
@shager_onlinestore
  
ለተጨማሪ ማብራሪያ የቴሌግራም ገፃችን⤵️
https://t.me/Shageronlinestore             ",2025-05-31T07:42:26+00:00,,ሲንክ ላይ የሻወር ገንዳ ላይ ለማጠብ ምቹ በቀላሉ የሚተጣጠፍ እና ለማስቀመጥ ቦታ የማይዝ የአቀማመጥ ደረጃወች ስላሉት ቀና አድርገን እና ጋደም አድርገን ለማጠብ የሚመች ፀሀይ ለማሞቅ የሚመች ዋጋ ብር ውስን ፍሬ ነው ያለን አድራሻ ቁ መገናኛ ታሜ ጋስ ህንፃ ጎን ስሪ ኤም ሲቲ ሞል ሁለተኛ ፎቅ ቢሮ ቁ ከ ሊፍቱ ፊት ለ ፊት ቁ ለቡ መዳህኒዓለም ቤተ ክርስቲያን ሜ ወደ ሙዚቃ ቤት ከፍ ብሎ ዛም ሞል ኛ ፎቅ ቢሮ ቁ ለቡ ቅርንጫፍ በ ለማዘዝ ይጠቀሙ ለተጨማሪ ማብራሪያ የቴሌግራም ገፃችን
Sheger online-store,@Shageronlinestore,7255,"💥Delux baby bather

👉ሲንክ ላይ የሻወር ገንዳ ላይ ለማጠብ ምቹ 
👉በቀላሉ የሚተጣጠፍ እና ለማስቀመጥ ቦታ የማይዝ
👉3 የአቀማመጥ ደረጃወች ስላሉት 
    ቀና አድርገን እና ጋደም አድርገን ለማጠብ
    የሚመች
👉ፀሀይ ለማሞቅ የሚመች

        ዋጋ:-2000ብር✅✅

🏢 አድራሻ ቁ.1 👉 መገናኛ ታሜ ጋስ ህንፃ ጎን ስሪ ኤም ሲቲ ሞል  ሁለተኛ ፎቅ ቢሮ ቁ. SL-05A(ከ ሊፍቱ ፊት ለ ፊት)

📍ቁ.2 👉ለቡ  መዳህኒዓለም ቤተ/ክርስቲያን 100ሜ ወደ ሙዚቃ ቤት ከፍ ብሎ  #ዛም_ሞል 2ኛ ፎቅ ቢሮ.ቁ 214


    📲 0909522840
    📲 0923350054

👍ለቡ ቅርንጫፍ📲0973611819


🔖
💬  በTelegram ለማዘዝ ⤵️ ይጠቀሙ
@shager_onlinestore
  
ለተጨማሪ ማብራሪያ የቴሌግራም ገፃችን⤵️
https://t.me/Shageronlinestore             ",2025-05-31T07:42:26+00:00,telegram_media\@Shageronlinestore_7255_1750610120.jpg,ሲንክ ላይ የሻወር ገንዳ ላይ ለማጠብ ምቹ በቀላሉ የሚተጣጠፍ እና ለማስቀመጥ ቦታ የማይዝ የአቀማመጥ ደረጃወች ስላሉት ቀና አድርገን እና ጋደም አድርገን ለማጠብ የሚመች ፀሀይ ለማሞቅ የሚመች ዋጋ ብር አድራሻ ቁ መገናኛ ታሜ ጋስ ህንፃ ጎን ስሪ ኤም ሲቲ ሞል ሁለተኛ ፎቅ ቢሮ ቁ ከ ሊፍቱ ፊት ለ ፊት ቁ ለቡ መዳህኒዓለም ቤተ ክርስቲያን ሜ ወደ ሙዚቃ ቤት ከፍ ብሎ ዛም ሞል ኛ ፎቅ ቢሮ ቁ ለቡ ቅርንጫፍ በ ለማዘዝ ይጠቀሙ ለተጨማሪ ማብራሪያ የቴሌግራም ገፃችን
Sheger online-store,@Shageronlinestore,7254,"🎯** SUN 5 Nail Dryer**

#Features**:**
💅Infrared intelligent induction (30 S 60 S 90 S timing)
💅LCD display
💅Bottom cooling hole

      ዋጋ፦ 2600 ብር

♦️ውስን ፍሬ ነው ያለው

🏢 አድራሻ ቁ.1 👉 መገናኛ ታሜ ጋስ ህንፃ ጎን ስሪ ኤም ሲቲ ሞል  ሁለተኛ ፎቅ ቢሮ ቁ. SL-05A(ከ ሊፍቱ ፊት ለ ፊት)

📍ቁ.2 👉ለቡ  መዳህኒዓለም ቤተ/ክርስቲያን 100ሜ ወደ ሙዚቃ ቤት ከፍ ብሎ  #ዛም_ሞል 2ኛ ፎቅ ቢሮ.ቁ 214


    📲 0909522840
    📲 0923350054

👍ለቡ ቅርንጫፍ📲0973611819


🔖
💬  በTelegram ለማዘዝ ⤵️ ይጠቀሙ
@shager_onlinestore
  
ለተጨማሪ ማብራሪያ የቴሌግራም ገፃችን⤵️
https://t.me/Shageronlinestore",2025-05-30T14:17:13+00:00,,ዋጋ፦ ብር ውስን ፍሬ ነው ያለው አድራሻ ቁ መገናኛ ታሜ ጋስ ህንፃ ጎን ስሪ ኤም ሲቲ ሞል ሁለተኛ ፎቅ ቢሮ ቁ ከ ሊፍቱ ፊት ለ ፊት ቁ ለቡ መዳህኒዓለም ቤተ ክርስቲያን ሜ ወደ ሙዚቃ ቤት ከፍ ብሎ ዛም ሞል ኛ ፎቅ ቢሮ ቁ ለቡ ቅርንጫፍ በ ለማዘዝ ይጠቀሙ ለተጨማሪ ማብራሪያ የቴሌግራም ገፃችን
Sheger online-store,@Shageronlinestore,7253,,2025-05-30T14:15:30+00:00,telegram_media\@Shageronlinestore_7253_1750610121.jpg,
Sheger online-store,@Shageronlinestore,7252,,2025-05-30T14:15:30+00:00,telegram_media\@Shageronlinestore_7252_1750610121.jpg,
Sheger online-store,@Shageronlinestore,7251,,2025-05-30T14:15:30+00:00,telegram_media\@Shageronlinestore_7251_1750610122.jpg,
Sheger online-store,@Shageronlinestore,7250,"🎯** SUN 5 Nail Dryer**

#Features**:**
💅Infrared intelligent induction (30 S 60 S 90 S timing)
💅LCD display
💅Bottom cooling hole

      ዋጋ፦ 2600 ብር

♦️ውስን ፍሬ ነው ያለው

🏢 አድራሻ ቁ.1 👉 መገናኛ ታሜ ጋስ ህንፃ ጎን ስሪ ኤም ሲቲ ሞል  ሁለተኛ ፎቅ ቢሮ ቁ. SL-05A(ከ ሊፍቱ ፊት ለ ፊት)

📍ቁ.2 👉ለቡ  መዳህኒዓለም ቤተ/ክርስቲያን 100ሜ ወደ ሙዚቃ ቤት ከፍ ብሎ  #ዛም_ሞል 2ኛ ፎቅ ቢሮ.ቁ 214


    📲 0909522840
    📲 0923350054

👍ለቡ ቅርንጫፍ📲0973611819


🔖
💬  በTelegram ለማዘዝ ⤵️ ይጠቀሙ
@shager_onlinestore
  
ለተጨማሪ ማብራሪያ የቴሌግራም ገፃችን⤵️
https://t.me/Shageronlinestore",2025-05-30T14:15:30+00:00,telegram_media\@Shageronlinestore_7250_1750610123.jpg,ዋጋ፦ ብር ውስን ፍሬ ነው ያለው አድራሻ ቁ መገናኛ ታሜ ጋስ ህንፃ ጎን ስሪ ኤም ሲቲ ሞል ሁለተኛ ፎቅ ቢሮ ቁ ከ ሊፍቱ ፊት ለ ፊት ቁ ለቡ መዳህኒዓለም ቤተ ክርስቲያን ሜ ወደ ሙዚቃ ቤት ከፍ ብሎ ዛም ሞል ኛ ፎቅ ቢሮ ቁ ለቡ ቅርንጫፍ በ ለማዘዝ ይጠቀሙ ለተጨማሪ ማብራሪያ የቴሌግራም ገፃችን
Sheger online-store,@Shageronlinestore,7249,,2025-05-30T09:57:19+00:00,telegram_media\@Shageronlinestore_7249_1750610123.jpg,
Sheger online-store,@Shageronlinestore,7248,,2025-05-30T09:57:19+00:00,telegram_media\@Shageronlinestore_7248_1750610124.jpg,
Sheger online-store,@Shageronlinestore,7247,"💥 **Feenik Vacuum Jug **

        💯 Hight Qulity 
  

✨ከጠንካራ Material የተሰራ
✨ለረጅም ሰአት ሙቀትን ጠብቆ ማቆየት የሚችል 


☑️ #Brand: #Feenik
⚡️Capacity: 1.5L and 2L
⚡️24Hr COLD
⚡️12Hr HOT

#FUNCTION:
✔️Fashionable,beautiful, durable and easy to use.
✔️Suitable for liquid drinks, like hot water, coffee, tea and etc.
✔️Ideal to the home, office, hotel, and outdoor use.


         **ዋጋ፦ 1.5L  2000 ብር﻿**
                   

🏢 አድራሻ  ቁ.1👉 ስሪ ኤም ሲቲ ሞል  ሁለተኛ ፎቅ ቢሮ ቁ. SL-05A(ከ ሊፍቱ ፊት ለ ፊት)

📍ቁ.2 👉ለቡ  መዳህኒዓለም ቤተ/ክርስቲያን ፊት ለፊት  #ዛም_ሞል 2ኛ ፎቅ ቢሮ ቁጥር.214

👍ለቡ ቅርንጫፍ📲0973611819



    📲 0909522840
    📲 0923350054

🔖
💬  በTelegram ለማዘዝ ⤵️ ይጠቀሙ
@shager_onlinestore
  
ለተጨማሪ ማብራሪያ የቴሌግራም ገፃችን⤵️
https://t.me/Shageronlinestore",2025-05-30T09:57:19+00:00,telegram_media\@Shageronlinestore_7247_1750610124.jpg,ከጠንካራ የተሰራ ለረጅም ሰአት ሙቀትን ጠብቆ ማቆየት የሚችል ዋጋ፦ ብር አድራሻ ቁ ስሪ ኤም ሲቲ ሞል ሁለተኛ ፎቅ ቢሮ ቁ ከ ሊፍቱ ፊት ለ ፊት ቁ ለቡ መዳህኒዓለም ቤተ ክርስቲያን ፊት ለፊት ዛም ሞል ኛ ፎቅ ቢሮ ቁጥር ለቡ ቅርንጫፍ በ ለማዘዝ ይጠቀሙ ለተጨማሪ ማብራሪያ የቴሌግራም ገፃችን
Sheger online-store,@Shageronlinestore,7246,"💥Saachi Hot plate
ሳቺ ባለሁለት ምድጃ ስቶቭ

      💯orginal

⚡️ 2000 ዋት
⚡️ ፊውዝ የተገጠመለት
⚡️ ትልቅ ድስት መሸከም የሚችል
⚡️ አስተማማኝ ቴርሞስታት
⚡️ ባለ ፊውዝ

ዋጋ፦ ትልቁ :- 3400ብር✅



አድራሻ 📍 ቁ.1 👉መገናኛ ስሪ ኤም ሲቲ ሞል  ሁለተኛ ፎቅ ቢሮ ቁ. SL-05A(ከ ሊፍቱ ፊት ለ ፊት)

📍ቁ.2 👉ለቡ  መዳህኒዓለም ቤተ/ክርስቲያን ፊት ለፊት  #ዛም_ሞል 2ኛ ፎቅ ቢሮ ቁጥር.214


👍ለቡ ቅርንጫፍ📲0973611819

     💧💧💧💧


    📲 0909522840
    📲 0923350054

🔖
💬  በTelegram ለማዘዝ ⤵️ ይጠቀሙ
@shager_onlinestore
  
ለተጨማሪ ማብራሪያ የቴሌግራም ገፃችን⤵️
https://t.me/Shageronlinestore",2025-05-30T06:31:30+00:00,telegram_media\@Shageronlinestore_7246_1750610124.jpg,ሳቺ ባለሁለት ምድጃ ስቶቭ ዋት ፊውዝ የተገጠመለት ትልቅ ድስት መሸከም የሚችል አስተማማኝ ቴርሞስታት ባለ ፊውዝ ዋጋ፦ ትልቁ ብር አድራሻ ቁ መገናኛ ስሪ ኤም ሲቲ ሞል ሁለተኛ ፎቅ ቢሮ ቁ ከ ሊፍቱ ፊት ለ ፊት ቁ ለቡ መዳህኒዓለም ቤተ ክርስቲያን ፊት ለፊት ዛም ሞል ኛ ፎቅ ቢሮ ቁጥር ለቡ ቅርንጫፍ በ ለማዘዝ ይጠቀሙ ለተጨማሪ ማብራሪያ የቴሌግራም ገፃችን
Sheger online-store,@Shageronlinestore,7245,,2025-05-29T14:23:12+00:00,telegram_media\@Shageronlinestore_7245_1750610126.jpg,
Sheger online-store,@Shageronlinestore,7244,,2025-05-29T14:23:12+00:00,telegram_media\@Shageronlinestore_7244_1750610127.jpg,
Sheger online-store,@Shageronlinestore,7243,,2025-05-29T14:23:11+00:00,telegram_media\@Shageronlinestore_7243_1750610129.jpg,
Sheger online-store,@Shageronlinestore,7242,,2025-05-29T14:23:11+00:00,telegram_media\@Shageronlinestore_7242_1750610130.jpg,
Sheger online-store,@Shageronlinestore,7241,,2025-05-29T14:23:11+00:00,telegram_media\@Shageronlinestore_7241_1750610132.jpg,
Sheger online-store,@Shageronlinestore,7240,"🍁Baby comb and brush set

👋Bpa free
👋super soft touch for gentle cleansing

         ዋጋ:-500ብር

🏢 አድራሻ ቁ.1 👉 መገናኛ ታሜ ጋስ ህንፃ ጎን ስሪ ኤም ሲቲ ሞል  ሁለተኛ ፎቅ ቢሮ ቁ. SL-05A(ከ ሊፍቱ ፊት ለ ፊት)

📍ቁ.2 👉ለቡ  መዳህኒዓለም ቤተ/ክርስቲያን 100ሜ ወደ ሙዚቃ ቤት ከፍ ብሎ  #ዛም_ሞል 2ኛ ፎቅ ቢሮ.ቁ 214


    📲 0909522840
    📲 0923350054

👍ለቡ ቅርንጫፍ📲0973611819


🔖
💬  በTelegram ለማዘዝ ⤵️ ይጠቀሙ
@shager_onlinestore
  
ለተጨማሪ ማብራሪያ የቴሌግራም ገፃችን⤵️
https://t.me/Shageronlinestore",2025-05-29T14:23:11+00:00,telegram_media\@Shageronlinestore_7240_1750610134.jpg,ዋጋ ብር አድራሻ ቁ መገናኛ ታሜ ጋስ ህንፃ ጎን ስሪ ኤም ሲቲ ሞል ሁለተኛ ፎቅ ቢሮ ቁ ከ ሊፍቱ ፊት ለ ፊት ቁ ለቡ መዳህኒዓለም ቤተ ክርስቲያን ሜ ወደ ሙዚቃ ቤት ከፍ ብሎ ዛም ሞል ኛ ፎቅ ቢሮ ቁ ለቡ ቅርንጫፍ በ ለማዘዝ ይጠቀሙ ለተጨማሪ ማብራሪያ የቴሌግራም ገፃችን
Sheger online-store,@Shageronlinestore,7239,,2025-05-29T06:53:53+00:00,telegram_media\@Shageronlinestore_7239_1750610135.jpg,
Sheger online-store,@Shageronlinestore,7238,,2025-05-29T06:53:53+00:00,telegram_media\@Shageronlinestore_7238_1750610137.jpg,
Sheger online-store,@Shageronlinestore,7237,,2025-05-29T06:53:53+00:00,telegram_media\@Shageronlinestore_7237_1750610138.jpg,
Sheger online-store,@Shageronlinestore,7236,,2025-05-29T06:53:53+00:00,telegram_media\@Shageronlinestore_7236_1750610139.jpg,
Sheger online-store,@Shageronlinestore,7235,"💥2.2L Tea & Coffee pot

⚡️ውብ እና ማራኪ 
⚡️እስከ 400°c ሙቀት መቋቋም ስለሚችል ስቶቭ ላይ መጣድ የሚችል
⚡️ከፍተኛ ጥራት ያለው 💯


        ዋጋ፦2.2L :-2000ብር✅

😎 ውስን ፍሬ ነው ያለው

🏢 አድራሻ  ቁ.1👉 መገናኛ ስሪ ኤም ሲቲ ሞል  ሁለተኛ ፎቅ ቢሮ ቁ. SL-05A(ከ ሊፍቱ ፊት ለ ፊት)

📍ቁ.2 👉ለቡ  መዳህኒዓለም ቤተ/ክርስቲያን ፊት ለፊት  #ዛም_ሞል 2ኛ ፎቅ ቢሮ ቁጥር.214


👍ለቡ ቅርንጫፍ📲0973611819



    📲 0909522840
    📲 0923350054

🔖
💬  በTelegram ለማዘዝ ⤵️ ይጠቀሙ
@shager_onlinestore
  
ለተጨማሪ ማብራሪያ የቴሌግራም ገፃችን⤵️
https://t.me/Shageronlinestore",2025-05-29T06:53:53+00:00,telegram_media\@Shageronlinestore_7235_1750610140.jpg,ውብ እና ማራኪ እስከ ሙቀት መቋቋም ስለሚችል ስቶቭ ላይ መጣድ የሚችል ከፍተኛ ጥራት ያለው ዋጋ፦ ብር ውስን ፍሬ ነው ያለው አድራሻ ቁ መገናኛ ስሪ ኤም ሲቲ ሞል ሁለተኛ ፎቅ ቢሮ ቁ ከ ሊፍቱ ፊት ለ ፊት ቁ ለቡ መዳህኒዓለም ቤተ ክርስቲያን ፊት ለፊት ዛም ሞል ኛ ፎቅ ቢሮ ቁጥር ለቡ ቅርንጫፍ በ ለማዘዝ ይጠቀሙ ለተጨማሪ ማብራሪያ የቴሌግራም ገፃችን
Sheger online-store,@Shageronlinestore,7234,"💥Portable menstural heating pad

⚡️በወር አበባ ወቅት ለሚመጡ ህመሞች ፍቱን መፍትሄ

👍period pain relief
👍high quality material
👍portable and rechargable
👍quick pain relief
👍total comfort
👍Best __gift for friends, family or loved ones.__

       ዋጋ:-1900ብር✅

✖️ውስን ፍሬ ነው ያለን

🏢 አድራሻ  ቁ.1👉 መገናኛ ታሜ ጋስ ህንፃ ጎን ስሪ ኤም ሲቲ ሞል  ሁለተኛ ፎቅ ቢሮ ቁ. SL-05A(ከ ሊፍቱ ፊት ለ ፊት)

📍ቁ.2 👉ለቡ  መዳህኒዓለም ቤተ/ክርስቲያን ፊት ለፊት  #ዛም_ሞል 2ኛ ፎቅ ቢሮ ቁጥር.214

     💧💧💧💧


    📲 0909522840
    📲 0923350054

🔖
💬  በTelegram ለማዘዝ ⤵️ ይጠቀሙ
@shager_onlinestore
  
ለተጨማሪ ማብራሪያ የቴሌግራም ገፃችን⤵️
https://t.me/Shageronlinestore",2025-05-28T16:47:01+00:00,,በወር አበባ ወቅት ለሚመጡ ህመሞች ፍቱን መፍትሄ ዋጋ ብር ውስን ፍሬ ነው ያለን አድራሻ ቁ መገናኛ ታሜ ጋስ ህንፃ ጎን ስሪ ኤም ሲቲ ሞል ሁለተኛ ፎቅ ቢሮ ቁ ከ ሊፍቱ ፊት ለ ፊት ቁ ለቡ መዳህኒዓለም ቤተ ክርስቲያን ፊት ለፊት ዛም ሞል ኛ ፎቅ ቢሮ ቁጥር በ ለማዘዝ ይጠቀሙ ለተጨማሪ ማብራሪያ የቴሌግራም ገፃችን
Sheger online-store,@Shageronlinestore,7233,"💥Portable menstural heating pad

⚡️በወር አበባ ወቅት ለሚመጡ ህመሞች ፍቱን መፍትሄ

👍period pain relief
👍high quality material
👍portable and rechargable
👍quick pain relief
👍total comfort
👍Best __gift for friends, family or loved ones.__
       ዋጋ:-1900ብር✅

✖️ውስን ፍሬ ነው ያለን

🏢 አድራሻ  ቁ.1👉 መገናኛ ታሜ ጋስ ህንፃ ጎን ስሪ ኤም ሲቲ ሞል  ሁለተኛ ፎቅ ቢሮ ቁ. SL-05A(ከ ሊፍቱ ፊት ለ ፊት)

📍ቁ.2 👉ለቡ  መዳህኒዓለም ቤተ/ክርስቲያን ፊት ለፊት  #ዛም_ሞል 2ኛ ፎቅ ቢሮ ቁጥር.214

     💧💧💧💧


    📲 0909522840
    📲 0923350054

🔖
💬  በTelegram ለማዘዝ ⤵️ ይጠቀሙ
@shager_onlinestore
  
ለተጨማሪ ማብራሪያ የቴሌግራም ገፃችን⤵️
https://t.me/Shageronlinestore",2025-05-28T16:47:01+00:00,,በወር አበባ ወቅት ለሚመጡ ህመሞች ፍቱን መፍትሄ ዋጋ ብር ውስን ፍሬ ነው ያለን አድራሻ ቁ መገናኛ ታሜ ጋስ ህንፃ ጎን ስሪ ኤም ሲቲ ሞል ሁለተኛ ፎቅ ቢሮ ቁ ከ ሊፍቱ ፊት ለ ፊት ቁ ለቡ መዳህኒዓለም ቤተ ክርስቲያን ፊት ለፊት ዛም ሞል ኛ ፎቅ ቢሮ ቁጥር በ ለማዘዝ ይጠቀሙ ለተጨማሪ ማብራሪያ የቴሌግራም ገፃችን
Sheger online-store,@Shageronlinestore,7232,,2025-05-28T12:21:28+00:00,telegram_media\@Shageronlinestore_7232_1750610141.jpg,
Sheger online-store,@Shageronlinestore,7231,"🎯 Sokany® Deep Fryer 
🍟🍗🍖🥓🍪

🔰 3️⃣.5️⃣litters
🔰 1 Large Frying Basket
🔰 Adjustable Temperature Up to 190° 
🔰  Timing selection 
🔰 Stainless Steel Housing
🔰 Overheating Protection 
🔰 Cool Touch, Heat Resistance Handle
🔰 All part Are Dishwasher Safe Except Heating Element

♦️ Voltage :- AC 220 - 240V



ዋጋ፦  💰🏷  4500 ብር

🔠ዉስን ፍሬ ነው ያለን
🔠 limited stock

🏢 አድራሻ ቁ.1 👉 መገናኛ ታሜ ጋስ ህንፃ ጎን ስሪ ኤም ሲቲ ሞል  ሁለተኛ ፎቅ ቢሮ ቁ. SL-05A(ከ ሊፍቱ ፊት ለ ፊት)

📍ቁ.2 👉ለቡ  መዳህኒዓለም ቤተ/ክርስቲያን ፊት ለፊት  #ዛም_ሞል 2ኛ ፎቅ ቢሮ ቁጥር.214


    📲 0909522840
    📲 0923350054

👍ለቡ ቅርንጫፍ📲0973611819

🔖
💬  በTelegram ለማዘዝ ⤵️ ይጠቀሙ
@shager_onlinestore
  
ለተጨማሪ ማብራሪያ የቴሌግራም ገፃችን⤵️
https://t.me/Shageronlinestore",2025-05-28T12:21:28+00:00,telegram_media\@Shageronlinestore_7231_1750610141.jpg,ዋጋ፦ ብር ዉስን ፍሬ ነው ያለን አድራሻ ቁ መገናኛ ታሜ ጋስ ህንፃ ጎን ስሪ ኤም ሲቲ ሞል ሁለተኛ ፎቅ ቢሮ ቁ ከ ሊፍቱ ፊት ለ ፊት ቁ ለቡ መዳህኒዓለም ቤተ ክርስቲያን ፊት ለፊት ዛም ሞል ኛ ፎቅ ቢሮ ቁጥር ለቡ ቅርንጫፍ በ ለማዘዝ ይጠቀሙ ለተጨማሪ ማብራሪያ የቴሌግራም ገፃችን
Sheger online-store,@Shageronlinestore,7230,,2025-05-28T06:18:19+00:00,telegram_media\@Shageronlinestore_7230_1750610142.jpg,
Sheger online-store,@Shageronlinestore,7229,,2025-05-28T06:18:19+00:00,telegram_media\@Shageronlinestore_7229_1750610144.jpg,
Sheger online-store,@Shageronlinestore,7228,,2025-05-28T06:18:19+00:00,telegram_media\@Shageronlinestore_7228_1750610146.jpg,
Sheger online-store,@Shageronlinestore,7227,,2025-05-28T06:18:19+00:00,telegram_media\@Shageronlinestore_7227_1750610148.jpg,
Sheger online-store,@Shageronlinestore,7226,,2025-05-28T06:18:19+00:00,telegram_media\@Shageronlinestore_7226_1750610150.jpg,
Sheger online-store,@Shageronlinestore,7225,"💥7pcs Glass water  Set

👉ማራኪ እና በዉብ ዲዛይን
👉 1.6L የመያዝ አቅም ያለው 
👉6 መጠጫ ብርጭቆ ጋር
👉 ተጨማሪ  1 ሰርቢስ ያለው
👉ለቤትዎ ተጨማሪ ድምቀት የሚሆን
👉በሁለት የቀለም አማራጭ

        ዋጋ-3,900ብር✅

♦️ውስን ፍሬ ነው ያለው

🏢 አድራሻ ቁ.1 👉 መገናኛ ታሜ ጋስ ህንፃ ጎን ስሪ ኤም ሲቲ ሞል  ሁለተኛ ፎቅ ቢሮ ቁ. SL-05A(ከ ሊፍቱ ፊት ለ ፊት)

📍ቁ.2 👉ለቡ  መዳህኒዓለም ቤተ/ክርስቲያን  ወደ ሙዚቃ ቤት 100ሜትር ከፍ ብሎ  #ዛም_ሞል 2ኛ ፎቅ ቢሮ.ቁ 214


    📲 0909522840
    📲 0923350054

👍ለቡ ቅርንጫፍ📲0973611819


🔖
💬  በTelegram ለማዘዝ ⤵️ ይጠቀሙ
@shager_onlinestore
  
ለተጨማሪ ማብራሪያ የቴሌግራም ገፃችን⤵️
https://t.me/Shageronlinestore",2025-05-28T06:18:19+00:00,telegram_media\@Shageronlinestore_7225_1750610152.jpg,ማራኪ እና በዉብ ዲዛይን የመያዝ አቅም ያለው መጠጫ ብርጭቆ ጋር ተጨማሪ ሰርቢስ ያለው ለቤትዎ ተጨማሪ ድምቀት የሚሆን በሁለት የቀለም አማራጭ ዋጋ ብር ውስን ፍሬ ነው ያለው አድራሻ ቁ መገናኛ ታሜ ጋስ ህንፃ ጎን ስሪ ኤም ሲቲ ሞል ሁለተኛ ፎቅ ቢሮ ቁ ከ ሊፍቱ ፊት ለ ፊት ቁ ለቡ መዳህኒዓለም ቤተ ክርስቲያን ወደ ሙዚቃ ቤት ሜትር ከፍ ብሎ ዛም ሞል ኛ ፎቅ ቢሮ ቁ ለቡ ቅርንጫፍ በ ለማዘዝ ይጠቀሙ ለተጨማሪ ማብራሪያ የቴሌግራም ገፃችን
Sheger online-store,@Shageronlinestore,7224,"💥#አልቆል_ለተባላችሁ_በድጋሚ_አስገብተናል 

💥Over Toilet Storage Rack

👉የቦታ ጥበት ካለብዎ ይሄ ያስፈልግዎታል
👉 Toilet/Kitchen ላይ ሊጠቀሙበት ይችላሉ
👉የንፅህና ዕቃዎችን፣ የግሮሰሪና ዕቃዎችን፣ ኮስሞቲክሶች እና አትክልት/ፍራፍሬዎችን ሊያስቀምጡበት ይችላሉ
👉 ግድግዳ መብሳት አያስፈልግዎትም
👉 ከጠንካራ ብረት እና ፕላስቲክ የተሰራ
👉 እርጥበትን የሚቋቋም የማይዝግ
👉 ማያያዣ ሁክ ያለው

         ዋጋ ፦1500 ብር✅✅

♦️ውስን ፍሬ ነው ያለው

    🏢 አድራሻ  ቁ.1👉 ስሪ ኤም ሲቲ ሞል  ሁለተኛ ፎቅ ቢሮ ቁ. SL-05A(ከ ሊፍቱ ፊት ለ ፊት)

📍ቁ.2 👉ለቡ  መዳህኒዓለም ቤተ/ክርስቲያን ፊት ለፊት  #ዛም_ሞል 2ኛ ፎቅ ቢሮ ቁጥር.214

👍ለቡ ቅርንጫፍ📲0973611819


    📲 0909522840
    📲 0923350054

🔖
💬  በTelegram ለማዘዝ ⤵️ ይጠቀሙ
@shager_onlinestore
  
ለተጨማሪ ማብራሪያ የቴሌግራም ገፃችን⤵️
https://t.me/Shageronlinestore",2025-05-27T11:04:32+00:00,,አልቆል ለተባላችሁ በድጋሚ አስገብተናል የቦታ ጥበት ካለብዎ ይሄ ያስፈልግዎታል ላይ ሊጠቀሙበት ይችላሉ የንፅህና ዕቃዎችን፣ የግሮሰሪና ዕቃዎችን፣ ኮስሞቲክሶች እና አትክልት ፍራፍሬዎችን ሊያስቀምጡበት ይችላሉ ግድግዳ መብሳት አያስፈልግዎትም ከጠንካራ ብረት እና ፕላስቲክ የተሰራ እርጥበትን የሚቋቋም የማይዝግ ማያያዣ ሁክ ያለው ዋጋ ፦ ብር ውስን ፍሬ ነው ያለው አድራሻ ቁ ስሪ ኤም ሲቲ ሞል ሁለተኛ ፎቅ ቢሮ ቁ ከ ሊፍቱ ፊት ለ ፊት ቁ ለቡ መዳህኒዓለም ቤተ ክርስቲያን ፊት ለፊት ዛም ሞል ኛ ፎቅ ቢሮ ቁጥር ለቡ ቅርንጫፍ በ ለማዘዝ ይጠቀሙ ለተጨማሪ ማብራሪያ የቴሌግራም ገፃችን
Sheger online-store,@Shageronlinestore,7223,"⚡️ Waterproof Tape ለሮቶ፥ለጣሪያ እና ለቧንቧ leakage መጠገኛ

          Orginal💯

⭐️በክረምቱ ለሚፈጠሩብን የፍሳሽ ችግሮች መፍትሄ የሚሰጠን

😏for Pipe Leakage 
😏 for Roof Water Leakage Solution 
🤨 Aluminium Foil Tape Waterproof Adhesive Tape Sealing Butyl Rubber Tape for Surface Crack, Pipe Rupture ..

🔖ርዝመት 5m 

  ዋጋ፦  💲🏷  800 ብር

🏢 አድራሻ ቁ.1 👉 መገናኛ ታሜ ጋስ ህንፃ ጎን ስሪ ኤም ሲቲ ሞል  ሁለተኛ ፎቅ ቢሮ ቁ. SL-05A(ከ ሊፍቱ ፊት ለ ፊት)

📍ቁ.2 👉ለቡ  መዳህኒዓለም ቤተ/ክርስቲያን ፊት ለፊት  #ዛም_ሞል 2ኛ ፎቅ ቢሮ ቁጥር.214


    📲 0909522840
    📲 0923350054

👍ለቡ ቅርንጫፍ📲0973611819

🔖
💬  በTelegram ለማዘዝ ⤵️ ይጠቀሙ
@shager_onlinestore
  
ለተጨማሪ ማብራሪያ የቴሌግራም ገፃችን⤵️
https://t.me/Shageronlinestore",2025-05-27T07:04:28+00:00,,ለሮቶ፥ለጣሪያ እና ለቧንቧ መጠገኛ በክረምቱ ለሚፈጠሩብን የፍሳሽ ችግሮች መፍትሄ የሚሰጠን ርዝመት ዋጋ፦ ብር አድራሻ ቁ መገናኛ ታሜ ጋስ ህንፃ ጎን ስሪ ኤም ሲቲ ሞል ሁለተኛ ፎቅ ቢሮ ቁ ከ ሊፍቱ ፊት ለ ፊት ቁ ለቡ መዳህኒዓለም ቤተ ክርስቲያን ፊት ለፊት ዛም ሞል ኛ ፎቅ ቢሮ ቁጥር ለቡ ቅርንጫፍ በ ለማዘዝ ይጠቀሙ ለተጨማሪ ማብራሪያ የቴሌግራም ገፃችን
Sheger online-store,@Shageronlinestore,7222,"⚡️ Waterproof Tape ለሮቶ፥ለጣሪያ እና ለቧንቧ leakage መጠገኛ

          Orginal💯

⭐️በክረምቱ ለሚፈጠሩብን የፍሳሽ ችግሮች መፍትሄ የሚሰጠን

😏for Pipe Leakage 
😏 for Roof Water Leakage Solution 
🤨 Aluminium Foil Tape Waterproof Adhesive Tape Sealing Butyl Rubber Tape for Surface Crack, Pipe Rupture ..

🔖ርዝመት 5m 

  ዋጋ፦  💰🏷  800 ብር

♦️ውስን ፍሬ ነው ያለው

🏢 አድራሻ ቁ.1 👉 መገናኛ ታሜ ጋስ ህንፃ ጎን ስሪ ኤም ሲቲ ሞል  ሁለተኛ ፎቅ ቢሮ ቁ. SL-05A(ከ ሊፍቱ ፊት ለ ፊት)

📍ቁ.2 👉ለቡ  መዳህኒዓለም ቤተ/ክርስቲያን ፊት ለፊት  #ዛም_ሞል 2ኛ ፎቅ ቢሮ ቁጥር.214


    📲 0909522840
    📲 0923350054

👍ለቡ ቅርንጫፍ📲0973611819

🔖
💬  በTelegram ለማዘዝ ⤵️ ይጠቀሙ
@shager_onlinestore
  
ለተጨማሪ ማብራሪያ የቴሌግራም ገፃችን⤵️
https://t.me/Shageronlinestore",2025-05-27T07:04:27+00:00,,ለሮቶ፥ለጣሪያ እና ለቧንቧ መጠገኛ በክረምቱ ለሚፈጠሩብን የፍሳሽ ችግሮች መፍትሄ የሚሰጠን ርዝመት ዋጋ፦ ብር ውስን ፍሬ ነው ያለው አድራሻ ቁ መገናኛ ታሜ ጋስ ህንፃ ጎን ስሪ ኤም ሲቲ ሞል ሁለተኛ ፎቅ ቢሮ ቁ ከ ሊፍቱ ፊት ለ ፊት ቁ ለቡ መዳህኒዓለም ቤተ ክርስቲያን ፊት ለፊት ዛም ሞል ኛ ፎቅ ቢሮ ቁጥር ለቡ ቅርንጫፍ በ ለማዘዝ ይጠቀሙ ለተጨማሪ ማብራሪያ የቴሌግራም ገፃችን
Sheger online-store,@Shageronlinestore,7221,"💥Spin Mop 360° Microfiber Mop 

👉 ከጠንካራ ማቴሪያል የተሰራ
👉 **ባሊዉ 4 ጎማ የተገጠመለት**
👉 ተጨማሪ ቅያሪ ጨርቅ ያለው
👉 **የራሱ ዉሀ ማፍሰሻ የተገጠመለት**

          ዋጋ:-3,000ብር

❌ውስን ፍሬ ነው ያለን❌

🏢 አድራሻ ቁ.1 👉 መገናኛ ታሜ ጋስ ህንፃ ጎን ስሪ ኤም ሲቲ ሞል  ሁለተኛ ፎቅ ቢሮ ቁ. SL-05A(ከ ሊፍቱ ፊት ለ ፊት)

📍ቁ.2 👉ለቡ  መዳህኒዓለም ቤተ/ክርስቲያን 100ሜ ወደ ሙዚቃ ቤት ከፍ ብሎ  #ዛም_ሞል 2ኛ ፎቅ ቢሮ.ቁ 214


    📲 0909522840
    📲 0923350054

👍ለቡ ቅርንጫፍ📲0973611819


🔖
💬  በTelegram ለማዘዝ ⤵️ ይጠቀሙ
@shager_onlinestore
  
ለተጨማሪ ማብራሪያ የቴሌግራም ገፃችን⤵️
https://t.me/Shageronlinestore
 ",2025-05-26T15:12:19+00:00,,ከጠንካራ ማቴሪያል የተሰራ ባሊዉ ጎማ የተገጠመለት ተጨማሪ ቅያሪ ጨርቅ ያለው የራሱ ዉሀ ማፍሰሻ የተገጠመለት ዋጋ ብር ውስን ፍሬ ነው ያለን አድራሻ ቁ መገናኛ ታሜ ጋስ ህንፃ ጎን ስሪ ኤም ሲቲ ሞል ሁለተኛ ፎቅ ቢሮ ቁ ከ ሊፍቱ ፊት ለ ፊት ቁ ለቡ መዳህኒዓለም ቤተ ክርስቲያን ሜ ወደ ሙዚቃ ቤት ከፍ ብሎ ዛም ሞል ኛ ፎቅ ቢሮ ቁ ለቡ ቅርንጫፍ በ ለማዘዝ ይጠቀሙ ለተጨማሪ ማብራሪያ የቴሌግራም ገፃችን
Sheger online-store,@Shageronlinestore,7220,,2025-05-26T15:11:08+00:00,telegram_media\@Shageronlinestore_7220_1750610152.jpg,
Sheger online-store,@Shageronlinestore,7219,,2025-05-26T15:11:08+00:00,telegram_media\@Shageronlinestore_7219_1750610153.jpg,
Sheger online-store,@Shageronlinestore,7218,,2025-05-26T15:11:07+00:00,telegram_media\@Shageronlinestore_7218_1750610154.jpg,
Sheger online-store,@Shageronlinestore,7217,"💥Spin Mop 360° Microfiber Mop 

👉 ከጠንካራ ማቴሪያል የተሰራ
👉 **ባሊዉ 4 ጎማ የተገጠመለት**
👉 ተጨማሪ ቅያሪ ጨርቅ ያለው
👉 **የራሱ ዉሀ ማፍሰሻ የተገጠመለት**

          ዋጋ:-3,000ብር

❌ውስን ፍሬ ነው ያለን❌

🏢 አድራሻ ቁ.1 👉 መገናኛ ታሜ ጋስ ህንፃ ጎን ስሪ ኤም ሲቲ ሞል  ሁለተኛ ፎቅ ቢሮ ቁ. SL-05A(ከ ሊፍቱ ፊት ለ ፊት)

📍ቁ.2 👉ለቡ  መዳህኒዓለም ቤተ/ክርስቲያን 100ሜ ወደ ሙዚቃ ቤት ከፍ ብሎ  #ዛም_ሞል 2ኛ ፎቅ ቢሮ.ቁ 214


    📲 0909522840
    📲 0923350054

👍ለቡ ቅርንጫፍ📲0973611819


🔖
💬  በTelegram ለማዘዝ ⤵️ ይጠቀሙ
@shager_onlinestore
  
ለተጨማሪ ማብራሪያ የቴሌግራም ገፃችን⤵️
https://t.me/Shageronlinestore
 ",2025-05-26T15:11:07+00:00,telegram_media\@Shageronlinestore_7217_1750610156.jpg,ከጠንካራ ማቴሪያል የተሰራ ባሊዉ ጎማ የተገጠመለት ተጨማሪ ቅያሪ ጨርቅ ያለው የራሱ ዉሀ ማፍሰሻ የተገጠመለት ዋጋ ብር ውስን ፍሬ ነው ያለን አድራሻ ቁ መገናኛ ታሜ ጋስ ህንፃ ጎን ስሪ ኤም ሲቲ ሞል ሁለተኛ ፎቅ ቢሮ ቁ ከ ሊፍቱ ፊት ለ ፊት ቁ ለቡ መዳህኒዓለም ቤተ ክርስቲያን ሜ ወደ ሙዚቃ ቤት ከፍ ብሎ ዛም ሞል ኛ ፎቅ ቢሮ ቁ ለቡ ቅርንጫፍ በ ለማዘዝ ይጠቀሙ ለተጨማሪ ማብራሪያ የቴሌግራም ገፃችን
Sheger online-store,@Shageronlinestore,7216,,2025-05-26T10:19:35+00:00,telegram_media\@Shageronlinestore_7216_1750610156.jpg,
Sheger online-store,@Shageronlinestore,7215,,2025-05-26T10:19:35+00:00,telegram_media\@Shageronlinestore_7215_1750610157.jpg,
Sheger online-store,@Shageronlinestore,7214,,2025-05-26T10:19:35+00:00,telegram_media\@Shageronlinestore_7214_1750610158.jpg,
Sheger online-store,@Shageronlinestore,7213,"💥Sonifer hand held Steam Iron

😏መተኮስ አልችልም ብለዉ የተጨማደደ ልብስ ለብሶ መዉጣት ቀረ

😏አቃጠልኩ አዛነፍኩ ሳይሉ ሳይጨነቁ በእንፍሎት ብቻ ልብሶትን 

😏የሚተኩስ፣ወጥ ያረፈበት ቆሻሻ የነካውን ቦታዎች መቀያየሪዉን በመጠቀም የሚፀዳ

         ዋጋ፦3,000 ብር💲

📍ውስን ፍሬ ነው ያለን/ Limited Stock

🏢 አድራሻ ቁ.1 👉 መገናኛ ታሜ ጋስ ህንፃ ጎን ስሪ ኤም ሲቲ ሞል  ሁለተኛ ፎቅ ቢሮ ቁ. SL-05A(ከ ሊፍቱ ፊት ለ ፊት)

📍ቁ.2 👉ለቡ  መዳህኒዓለም ቤተ/ክርስቲያን 100ሜ ወደ ሙዚቃ ቤት ከፍ ብሎ  #ዛም_ሞል 2ኛ ፎቅ ቢሮ.ቁ 214


    📲 0909522840
    📲 0923350054

👍ለቡ ቅርንጫፍ📲0973611819


🔖
💬  በTelegram ለማዘዝ ⤵️ ይጠቀሙ
@shager_onlinestore
  
ለተጨማሪ ማብራሪያ የቴሌግራም ገፃችን⤵️
https://t.me/Shageronlinestore",2025-05-26T10:19:35+00:00,telegram_media\@Shageronlinestore_7213_1750610159.jpg,መተኮስ አልችልም ብለዉ የተጨማደደ ልብስ ለብሶ መዉጣት ቀረ አቃጠልኩ አዛነፍኩ ሳይሉ ሳይጨነቁ በእንፍሎት ብቻ ልብሶትን የሚተኩስ፣ወጥ ያረፈበት ቆሻሻ የነካውን ቦታዎች መቀያየሪዉን በመጠቀም የሚፀዳ ዋጋ፦ ብር ውስን ፍሬ ነው ያለን አድራሻ ቁ መገናኛ ታሜ ጋስ ህንፃ ጎን ስሪ ኤም ሲቲ ሞል ሁለተኛ ፎቅ ቢሮ ቁ ከ ሊፍቱ ፊት ለ ፊት ቁ ለቡ መዳህኒዓለም ቤተ ክርስቲያን ሜ ወደ ሙዚቃ ቤት ከፍ ብሎ ዛም ሞል ኛ ፎቅ ቢሮ ቁ ለቡ ቅርንጫፍ በ ለማዘዝ ይጠቀሙ ለተጨማሪ ማብራሪያ የቴሌግራም ገፃችን
Sheger online-store,@Shageronlinestore,7212,"📣 Kitchen Sink Utensils Drying Rack

✔️ የታጠቡ የወጥ ቤት ዕቃዎች ማድረቂያ
✔️ከማይዝግ ብረት የተሰራ
✔️ በቀላሉ የሚገጣጠም
✔️ ማንኛውም የዕቃ ማጠቢያ ሲንክ ላይ የሚገጠም
✔️ 76cm ስፋት፤30cm ጥልቀት እና 80cm ቁመት ያለው
👀 የመስታወት በር ያለው👀


     ዋጋ:-7500 ብር💵

🏢 አድራሻ ቁ.1 👉 መገናኛ ታሜ ጋስ ህንፃ ጎን ስሪ ኤም ሲቲ ሞል  ሁለተኛ ፎቅ ቢሮ ቁ. SL-05A(ከ ሊፍቱ ፊት ለ ፊት)

📍ቁ.2 👉ለቡ  መዳህኒዓለም ቤተ/ክርስቲያን 100ሜ ወደ ሙዚቃ ቤት ከፍ ብሎ  #ዛም_ሞል 2ኛ ፎቅ ቢሮ.ቁ 214


    📲 0909522840
    📲 0923350054

👍ለቡ ቅርንጫፍ📲0973611819


🔖
💬  በTelegram ለማዘዝ ⤵️ ይጠቀሙ
@shager_onlinestore
  
ለተጨማሪ ማብራሪያ የቴሌግራም ገፃችን⤵️
https://t.me/Shageronlinestore",2025-05-26T05:27:40+00:00,,የታጠቡ የወጥ ቤት ዕቃዎች ማድረቂያ ከማይዝግ ብረት የተሰራ በቀላሉ የሚገጣጠም ማንኛውም የዕቃ ማጠቢያ ሲንክ ላይ የሚገጠም ስፋት፤ ጥልቀት እና ቁመት ያለው የመስታወት በር ያለው ዋጋ ብር አድራሻ ቁ መገናኛ ታሜ ጋስ ህንፃ ጎን ስሪ ኤም ሲቲ ሞል ሁለተኛ ፎቅ ቢሮ ቁ ከ ሊፍቱ ፊት ለ ፊት ቁ ለቡ መዳህኒዓለም ቤተ ክርስቲያን ሜ ወደ ሙዚቃ ቤት ከፍ ብሎ ዛም ሞል ኛ ፎቅ ቢሮ ቁ ለቡ ቅርንጫፍ በ ለማዘዝ ይጠቀሙ ለተጨማሪ ማብራሪያ የቴሌግራም ገፃችን
Sheger online-store,@Shageronlinestore,7211,,2025-05-26T05:25:57+00:00,telegram_media\@Shageronlinestore_7211_1750610160.jpg,
Sheger online-store,@Shageronlinestore,7210,,2025-05-26T05:25:57+00:00,telegram_media\@Shageronlinestore_7210_1750610160.jpg,
Sheger online-store,@Shageronlinestore,7209,"📣 Kitchen Sink Utensils Drying Rack

✔️ የታጠቡ የወጥ ቤት ዕቃዎች ማድረቂያ
✔️ከማይዝግ ብረት የተሰራ
✔️ በቀላሉ የሚገጣጠም
✔️ ማንኛውም የዕቃ ማጠቢያ ሲንክ ላይ የሚገጠም
✔️ 76cm ስፋት፤30cm ጥልቀት እና 80cm ቁመት ያለው
👀 የመስታወት በር ያለው👀


     ዋጋ:-7500 ብር💵

🏢 አድራሻ ቁ.1 👉 መገናኛ ታሜ ጋስ ህንፃ ጎን ስሪ ኤም ሲቲ ሞል  ሁለተኛ ፎቅ ቢሮ ቁ. SL-05A(ከ ሊፍቱ ፊት ለ ፊት)

📍ቁ.2 👉ለቡ  መዳህኒዓለም ቤተ/ክርስቲያን 100ሜ ወደ ሙዚቃ ቤት ከፍ ብሎ  #ዛም_ሞል 2ኛ ፎቅ ቢሮ.ቁ 214


    📲 0909522840
    📲 0923350054

👍ለቡ ቅርንጫፍ📲0973611819


🔖
💬  በTelegram ለማዘዝ ⤵️ ይጠቀሙ
@shager_onlinestore
  
ለተጨማሪ ማብራሪያ የቴሌግራም ገፃችን⤵️
https://t.me/Shageronlinestore",2025-05-26T05:25:57+00:00,telegram_media\@Shageronlinestore_7209_1750610161.jpg,የታጠቡ የወጥ ቤት ዕቃዎች ማድረቂያ ከማይዝግ ብረት የተሰራ በቀላሉ የሚገጣጠም ማንኛውም የዕቃ ማጠቢያ ሲንክ ላይ የሚገጠም ስፋት፤ ጥልቀት እና ቁመት ያለው የመስታወት በር ያለው ዋጋ ብር አድራሻ ቁ መገናኛ ታሜ ጋስ ህንፃ ጎን ስሪ ኤም ሲቲ ሞል ሁለተኛ ፎቅ ቢሮ ቁ ከ ሊፍቱ ፊት ለ ፊት ቁ ለቡ መዳህኒዓለም ቤተ ክርስቲያን ሜ ወደ ሙዚቃ ቤት ከፍ ብሎ ዛም ሞል ኛ ፎቅ ቢሮ ቁ ለቡ ቅርንጫፍ በ ለማዘዝ ይጠቀሙ ለተጨማሪ ማብራሪያ የቴሌግራም ገፃችን
Sheger online-store,@Shageronlinestore,7208,"🎄🎄🎄...............🎄🎄🎄
💥የመስታዎት ፓትራዎች ( glass bakewares) 🥧 🥮 

👉Rectagular shape

👉ገበታ ላይ መቅረብ የሚችሉ ውብ የመስታዎት ፓትራዎች 
   
👉ሶስት የተለያየ መጠን ያላቸው (3.1 ሊ ፣ 2.5 ሊ፣ 1.8ሊ ) ፓትራዎችን የያዘ

👉ለላዛኛ ፣ ፓስታ ፍርኖ፣ ኬክ  ተመራጭ

👉ውብና ማራኪ ገበታ ላይ  መቅረብ የሚችሉ 

👉ውፍራም ማንኛውንም ሙቀት የሚቋቋም

ዋጋ፦  💰 ሶስቱን በ 3800 ብር

📍ውስን ፍሬ ነው ያለን/ Limited Stock

🏢 አድራሻ ቁ.1 👉 መገናኛ ታሜ ጋስ ህንፃ ጎን ስሪ ኤም ሲቲ ሞል  ሁለተኛ ፎቅ ቢሮ ቁ. SL-05A(ከ ሊፍቱ ፊት ለ ፊት)

📍ቁ.2 👉ለቡ  መዳህኒዓለም ቤተ/ክርስቲያን 100ሜ ወደ ሙዚቃ ቤት ከፍ ብሎ  #ዛም_ሞል 2ኛ ፎቅ ቢሮ.ቁ 214


    📲 0909522840
    📲 0923350054

👍ለቡ ቅርንጫፍ📲0973611819


🔖
💬  በTelegram ለማዘዝ ⤵️ ይጠቀሙ
@shager_onlinestore
  
ለተጨማሪ ማብራሪያ የቴሌግራም ገፃችን⤵️
https://t.me/Shageronlinestore",2025-05-24T13:37:42+00:00,,የመስታዎት ፓትራዎች ገበታ ላይ መቅረብ የሚችሉ ውብ የመስታዎት ፓትራዎች ሶስት የተለያየ መጠን ያላቸው ሊ ፣ ሊ፣ ሊ ፓትራዎችን የያዘ ለላዛኛ ፣ ፓስታ ፍርኖ፣ ኬክ ተመራጭ ውብና ማራኪ ገበታ ላይ መቅረብ የሚችሉ ውፍራም ማንኛውንም ሙቀት የሚቋቋም ዋጋ፦ ሶስቱን በ ብር ውስን ፍሬ ነው ያለን አድራሻ ቁ መገናኛ ታሜ ጋስ ህንፃ ጎን ስሪ ኤም ሲቲ ሞል ሁለተኛ ፎቅ ቢሮ ቁ ከ ሊፍቱ ፊት ለ ፊት ቁ ለቡ መዳህኒዓለም ቤተ ክርስቲያን ሜ ወደ ሙዚቃ ቤት ከፍ ብሎ ዛም ሞል ኛ ፎቅ ቢሮ ቁ ለቡ ቅርንጫፍ በ ለማዘዝ ይጠቀሙ ለተጨማሪ ማብራሪያ የቴሌግራም ገፃችን
Sheger online-store,@Shageronlinestore,7207,,2025-05-24T13:37:42+00:00,telegram_media\@Shageronlinestore_7207_1750610163.jpg,
Sheger online-store,@Shageronlinestore,7206,,2025-05-24T13:37:42+00:00,telegram_media\@Shageronlinestore_7206_1750610164.jpg,
Sheger online-store,@Shageronlinestore,7205,,2025-05-24T13:37:42+00:00,telegram_media\@Shageronlinestore_7205_1750610166.jpg,
Sheger online-store,@Shageronlinestore,7204,,2025-05-24T13:37:42+00:00,telegram_media\@Shageronlinestore_7204_1750610168.jpg,
Sheger online-store,@Shageronlinestore,7203,,2025-05-24T13:37:42+00:00,telegram_media\@Shageronlinestore_7203_1750610169.jpg,
Sheger online-store,@Shageronlinestore,7202,"#አልቆል_ለተባላችሁ_በድጋሚ_አስገብተናል 
💥የመስታዎት ፓትራዎች ( glass bakewares) 🥧 🥮 

👉Rectagular shape

👉ገበታ ላይ መቅረብ የሚችሉ ውብ የመስታዎት ፓትራዎች 
   
👉ሶስት የተለያየ መጠን ያላቸው (3.1 ሊ ፣ 2.5 ሊ፣ 1.8ሊ ) ፓትራዎችን የያዘ

👉ለላዛኛ ፣ ፓስታ ፍርኖ፣ ኬክ  ተመራጭ

👉ውብና ማራኪ ገበታ ላይ  መቅረብ የሚችሉ 

👉ውፍራም ማንኛውንም ሙቀት የሚቋቋም

ዋጋ፦  💰 ሶስቱን በ 3800 ብር

📍ውስን ፍሬ ነው ያለን/ Limited Stock

🏢 አድራሻ ቁ.1 👉 መገናኛ ታሜ ጋስ ህንፃ ጎን ስሪ ኤም ሲቲ ሞል  ሁለተኛ ፎቅ ቢሮ ቁ. SL-05A(ከ ሊፍቱ ፊት ለ ፊት)

📍ቁ.2 👉ለቡ  መዳህኒዓለም ቤተ/ክርስቲያን 100ሜ ወደ ሙዚቃ ቤት ከፍ ብሎ  #ዛም_ሞል 2ኛ ፎቅ ቢሮ.ቁ 214


    📲 0909522840
    📲 0923350054

👍ለቡ ቅርንጫፍ📲0973611819


🔖
💬  በTelegram ለማዘዝ ⤵️ ይጠቀሙ
@shager_onlinestore
  
ለተጨማሪ ማብራሪያ የቴሌግራም ገፃችን⤵️
https://t.me/Shageronlinestore",2025-05-24T13:37:42+00:00,telegram_media\@Shageronlinestore_7202_1750610172.jpg,አልቆል ለተባላችሁ በድጋሚ አስገብተናል የመስታዎት ፓትራዎች ገበታ ላይ መቅረብ የሚችሉ ውብ የመስታዎት ፓትራዎች ሶስት የተለያየ መጠን ያላቸው ሊ ፣ ሊ፣ ሊ ፓትራዎችን የያዘ ለላዛኛ ፣ ፓስታ ፍርኖ፣ ኬክ ተመራጭ ውብና ማራኪ ገበታ ላይ መቅረብ የሚችሉ ውፍራም ማንኛውንም ሙቀት የሚቋቋም ዋጋ፦ ሶስቱን በ ብር ውስን ፍሬ ነው ያለን አድራሻ ቁ መገናኛ ታሜ ጋስ ህንፃ ጎን ስሪ ኤም ሲቲ ሞል ሁለተኛ ፎቅ ቢሮ ቁ ከ ሊፍቱ ፊት ለ ፊት ቁ ለቡ መዳህኒዓለም ቤተ ክርስቲያን ሜ ወደ ሙዚቃ ቤት ከፍ ብሎ ዛም ሞል ኛ ፎቅ ቢሮ ቁ ለቡ ቅርንጫፍ በ ለማዘዝ ይጠቀሙ ለተጨማሪ ማብራሪያ የቴሌግራም ገፃችን
Sheger online-store,@Shageronlinestore,7201,"🍀3in1 Rotatable outlet extender

👉can easily convert one outlet in to three outlets 

👉space saving design

👉compact and portable

👉250v

👉max power-2500w


      ዋጋ:-350ብር

🏢 አድራሻ ቁ.1 👉 መገናኛ ታሜ ጋስ ህንፃ ጎን ስሪ ኤም ሲቲ ሞል  ሁለተኛ ፎቅ ቢሮ ቁ. SL-05A(ከ ሊፍቱ ፊት ለ ፊት)

📍ቁ.2 👉ለቡ  መዳህኒዓለም ቤተ/ክርስቲያን 100ሜ ወደ ሙዚቃ ቤት ከፍ ብሎ  #ዛም_ሞል 2ኛ ፎቅ ቢሮ.ቁ 214


    📲 0909522840
    📲 0923350054

👍ለቡ ቅርንጫፍ📲0973611819


🔖
💬  በTelegram ለማዘዝ ⤵️ ይጠቀሙ
@shager_onlinestore
  
ለተጨማሪ ማብራሪያ የቴሌግራም ገፃችን⤵️
https://t.me/Shageronlinestore",2025-05-24T09:38:20+00:00,,ዋጋ ብር አድራሻ ቁ መገናኛ ታሜ ጋስ ህንፃ ጎን ስሪ ኤም ሲቲ ሞል ሁለተኛ ፎቅ ቢሮ ቁ ከ ሊፍቱ ፊት ለ ፊት ቁ ለቡ መዳህኒዓለም ቤተ ክርስቲያን ሜ ወደ ሙዚቃ ቤት ከፍ ብሎ ዛም ሞል ኛ ፎቅ ቢሮ ቁ ለቡ ቅርንጫፍ በ ለማዘዝ ይጠቀሙ ለተጨማሪ ማብራሪያ የቴሌግራም ገፃችን
Sheger online-store,@Shageronlinestore,7200,,2025-05-24T09:36:50+00:00,telegram_media\@Shageronlinestore_7200_1750610174.jpg,
Sheger online-store,@Shageronlinestore,7199,,2025-05-24T09:36:50+00:00,telegram_media\@Shageronlinestore_7199_1750610175.jpg,
Sheger online-store,@Shageronlinestore,7198,,2025-05-24T09:36:50+00:00,telegram_media\@Shageronlinestore_7198_1750610176.jpg,
Sheger online-store,@Shageronlinestore,7197,"🍀3in1 Rotatable outlet extender

👉can easily convert one outlet in to three outlets 

👉space saving design

👉compact and portable

👉250v

👉max power-2500w


      ዋጋ:-350ብር

🏢 አድራሻ ቁ.1 👉 መገናኛ ታሜ ጋስ ህንፃ ጎን ስሪ ኤም ሲቲ ሞል  ሁለተኛ ፎቅ ቢሮ ቁ. SL-05A(ከ ሊፍቱ ፊት ለ ፊት)

📍ቁ.2 👉ለቡ  መዳህኒዓለም ቤተ/ክርስቲያን 100ሜ ወደ ሙዚቃ ቤት ከፍ ብሎ  #ዛም_ሞል 2ኛ ፎቅ ቢሮ.ቁ 214


    📲 0909522840
    📲 0923350054

👍ለቡ ቅርንጫፍ📲0973611819


🔖
💬  በTelegram ለማዘዝ ⤵️ ይጠቀሙ
@shager_onlinestore
  
ለተጨማሪ ማብራሪያ የቴሌግራም ገፃችን⤵️
https://t.me/Shageronlinestore",2025-05-24T09:36:50+00:00,telegram_media\@Shageronlinestore_7197_1750610177.jpg,ዋጋ ብር አድራሻ ቁ መገናኛ ታሜ ጋስ ህንፃ ጎን ስሪ ኤም ሲቲ ሞል ሁለተኛ ፎቅ ቢሮ ቁ ከ ሊፍቱ ፊት ለ ፊት ቁ ለቡ መዳህኒዓለም ቤተ ክርስቲያን ሜ ወደ ሙዚቃ ቤት ከፍ ብሎ ዛም ሞል ኛ ፎቅ ቢሮ ቁ ለቡ ቅርንጫፍ በ ለማዘዝ ይጠቀሙ ለተጨማሪ ማብራሪያ የቴሌግራም ገፃችን
Sheger online-store,@Shageronlinestore,7196,"💥2pcs silicon brush spatulas


      
         ዋጋ-400ብር✅


🏢 አድራሻ ቁ.1 👉 መገናኛ ታሜ ጋስ ህንፃ ጎን ስሪ ኤም ሲቲ ሞል  ሁለተኛ ፎቅ ቢሮ ቁ. SL-05A(ከ ሊፍቱ ፊት ለ ፊት)

📍ቁ.2 👉ለቡ  መዳህኒዓለም ቤተ/ክርስቲያን 100ሜ ወደ ሙዚቃ ቤት ከፍ ብሎ  #ዛም_ሞል 2ኛ ፎቅ ቢሮ.ቁ 214


    📲 0909522840
    📲 0923350054

👍ለቡ ቅርንጫፍ📲0973611819


🔖
💬  በTelegram ለማዘዝ ⤵️ ይጠቀሙ
@shager_onlinestore
  
ለተጨማሪ ማብራሪያ የቴሌግራም ገፃችን⤵️
https://t.me/Shageronlinestore",2025-05-24T06:12:27+00:00,telegram_media\@Shageronlinestore_7196_1750610181.jpg,ዋጋ ብር አድራሻ ቁ መገናኛ ታሜ ጋስ ህንፃ ጎን ስሪ ኤም ሲቲ ሞል ሁለተኛ ፎቅ ቢሮ ቁ ከ ሊፍቱ ፊት ለ ፊት ቁ ለቡ መዳህኒዓለም ቤተ ክርስቲያን ሜ ወደ ሙዚቃ ቤት ከፍ ብሎ ዛም ሞል ኛ ፎቅ ቢሮ ቁ ለቡ ቅርንጫፍ በ ለማዘዝ ይጠቀሙ ለተጨማሪ ማብራሪያ የቴሌግራም ገፃችን
Sheger online-store,@Shageronlinestore,7195,,2025-05-23T13:25:19+00:00,telegram_media\@Shageronlinestore_7195_1750610181.jpg,
Sheger online-store,@Shageronlinestore,7194,,2025-05-23T13:25:19+00:00,telegram_media\@Shageronlinestore_7194_1750610182.jpg,
Sheger online-store,@Shageronlinestore,7193,"💥 JUBAKE Hand Mixer  with turbo botton
  
   
☀️   የእንቁላል እና ሊጥ መምቻ

🌟 ለአጠቃቀም በጣም ምቹ 
🌟 ፍጥነት መቆጣጠሪያ ያለው 
🌟3️⃣5️⃣0️⃣ ዋት የሆነ
🌟 ለሊጥ እና እንቁላል መምቻ የሚሆን
🌟 ክሬም መስርያ 
🌟 የተፈጨ ስጋ ለማደባለቅ
🌟 የራሱ መለዋወጫ ያለው

        ዋጋ፦💰🏷 1900 ብር

🏢 አድራሻ  ቁ.1👉 መገናኛ  ስሪ ኤም ሲቲ ሞል  ሁለተኛ ፎቅ ቢሮ ቁ. SL-05A (ከ ሊፍቱ ፊት ለ ፊት)

📍ቁ.2 👉ለቡ  መዳህኒዓለም ቤተ/ክርስቲያን ፊት ለፊት  #ዛም_ሞል 2ኛ ፎቅ ቢሮ ቁጥር.214


👍ለቡ ቅርንጫፍ📲0971611819
     💧💧💧💧


   


    📲 0909522840
    📲 0923350054

🔖
💬  በTelegram ለማዘዝ ⤵️ ይጠቀሙ
@shager_onlinestore

ለተጨማሪ ማብራሪያ የቴሌግራም ገፃችን⤵️
https://t.me/Shageronlinestore",2025-05-23T13:25:18+00:00,telegram_media\@Shageronlinestore_7193_1750610183.jpg,የእንቁላል እና ሊጥ መምቻ ለአጠቃቀም በጣም ምቹ ፍጥነት መቆጣጠሪያ ያለው ዋት የሆነ ለሊጥ እና እንቁላል መምቻ የሚሆን ክሬም መስርያ የተፈጨ ስጋ ለማደባለቅ የራሱ መለዋወጫ ያለው ዋጋ፦ ብር አድራሻ ቁ መገናኛ ስሪ ኤም ሲቲ ሞል ሁለተኛ ፎቅ ቢሮ ቁ ከ ሊፍቱ ፊት ለ ፊት ቁ ለቡ መዳህኒዓለም ቤተ ክርስቲያን ፊት ለፊት ዛም ሞል ኛ ፎቅ ቢሮ ቁጥር ለቡ ቅርንጫፍ በ ለማዘዝ ይጠቀሙ ለተጨማሪ ማብራሪያ የቴሌግራም ገፃችን
Sheger online-store,@Shageronlinestore,7192,"💥Silver crest  touch technology electric stove

⏲ Touch screen control system

⏰ ለአጠቃቀም በጣም ምቹ እና ዘመናዊ

⚡️Europe standard(Germany design)


⚡️3500watt

👉 ቆሻሻ የማይዝ
  
       ዋጋ:- ባለ ሁለት 8,400ብር
                

ውስን ፍሬ ነው የቀረው ❌❌

♦️ውስን ፍሬ ነው ያለው

🏢 አድራሻ ቁ.1 👉 መገናኛ ታሜ ጋስ ህንፃ ጎን ስሪ ኤም ሲቲ ሞል  ሁለተኛ ፎቅ ቢሮ ቁ. SL-05A(ከ ሊፍቱ ፊት ለ ፊት)

📍ቁ.2 👉ለቡ  መዳህኒዓለም ቤተ/ክርስቲያን  ወደ ሙዚቃ ቤት ከፍ ብሎ  #ዛም_ሞል 2ኛ ፎቅ ቢሮ.ቁ 214


    📲 0909522840
    📲 0923350054

👍ለቡ ቅርንጫፍ📲0973611819


🔖
💬  በTelegram ለማዘዝ ⤵️ ይጠቀሙ
@shager_onlinestore
  
ለተጨማሪ ማብራሪያ የቴሌግራም ገፃችን⤵️
https://t.me/Shageronlinestore",2025-05-23T08:52:12+00:00,telegram_media\@Shageronlinestore_7192_1750610183.jpg,ለአጠቃቀም በጣም ምቹ እና ዘመናዊ ቆሻሻ የማይዝ ዋጋ ባለ ሁለት ብር ውስን ፍሬ ነው የቀረው ውስን ፍሬ ነው ያለው አድራሻ ቁ መገናኛ ታሜ ጋስ ህንፃ ጎን ስሪ ኤም ሲቲ ሞል ሁለተኛ ፎቅ ቢሮ ቁ ከ ሊፍቱ ፊት ለ ፊት ቁ ለቡ መዳህኒዓለም ቤተ ክርስቲያን ወደ ሙዚቃ ቤት ከፍ ብሎ ዛም ሞል ኛ ፎቅ ቢሮ ቁ ለቡ ቅርንጫፍ በ ለማዘዝ ይጠቀሙ ለተጨማሪ ማብራሪያ የቴሌግራም ገፃችን
Sheger online-store,@Shageronlinestore,7191,"🙌Apples Slicer

🛡 የአፕል መሰንጠቂያ
🛡 የማይዝግ ብረት

    ዋጋ:-650ብር

ውስን ፍሬ ነው ያለን/ Limited Stock

🏢 አድራሻ ቁ.1 👉 መገናኛ ታሜ ጋስ ህንፃ ጎን ስሪ ኤም ሲቲ ሞል  ሁለተኛ ፎቅ ቢሮ ቁ. SL-05A(ከ ሊፍቱ ፊት ለ ፊት)

📍ቁ.2 👉ለቡ  መዳህኒዓለም ቤተ/ክርስቲያን  ወደ ሙዚቃ ቤት ከፍ ብሎ  #ዛም_ሞል 2ኛ ፎቅ ቢሮ.ቁ 214


    📲 0909522840
    📲 0923350054

👍ለቡ ቅርንጫፍ📲0973611819


🔖
💬  በTelegram ለማዘዝ ⤵️ ይጠቀሙ
@shager_onlinestore
  
ለተጨማሪ ማብራሪያ የቴሌግራም ገፃችን⤵️
https://t.me/Shageronlinestore",2025-05-23T06:59:21+00:00,,የአፕል መሰንጠቂያ የማይዝግ ብረት ዋጋ ብር ውስን ፍሬ ነው ያለን አድራሻ ቁ መገናኛ ታሜ ጋስ ህንፃ ጎን ስሪ ኤም ሲቲ ሞል ሁለተኛ ፎቅ ቢሮ ቁ ከ ሊፍቱ ፊት ለ ፊት ቁ ለቡ መዳህኒዓለም ቤተ ክርስቲያን ወደ ሙዚቃ ቤት ከፍ ብሎ ዛም ሞል ኛ ፎቅ ቢሮ ቁ ለቡ ቅርንጫፍ በ ለማዘዝ ይጠቀሙ ለተጨማሪ ማብራሪያ የቴሌግራም ገፃችን
Sheger online-store,@Shageronlinestore,7190,,2025-05-23T06:57:16+00:00,telegram_media\@Shageronlinestore_7190_1750610185.jpg,
Sheger online-store,@Shageronlinestore,7189,,2025-05-23T06:57:16+00:00,telegram_media\@Shageronlinestore_7189_1750610188.jpg,
Sheger online-store,@Shageronlinestore,7188,,2025-05-23T06:57:16+00:00,telegram_media\@Shageronlinestore_7188_1750610189.jpg,
Sheger online-store,@Shageronlinestore,7187,"🆕 Apples Slicer

🛡 የአፕል መሰንጠቂያ
🛡 የማይዝግ ብረት

    ዋጋ:-650ብር

ውስን ፍሬ ነው ያለን/ Limited Stock

🏢 አድራሻ ቁ.1 👉 መገናኛ ታሜ ጋስ ህንፃ ጎን ስሪ ኤም ሲቲ ሞል  ሁለተኛ ፎቅ ቢሮ ቁ. SL-05A(ከ ሊፍቱ ፊት ለ ፊት)

📍ቁ.2 👉ለቡ  መዳህኒዓለም ቤተ/ክርስቲያን  ወደ ሙዚቃ ቤት ከፍ ብሎ  #ዛም_ሞል 2ኛ ፎቅ ቢሮ.ቁ 214


    📲 0909522840
    📲 0923350054

👍ለቡ ቅርንጫፍ📲0973611819


🔖
💬  በTelegram ለማዘዝ ⤵️ ይጠቀሙ
@shager_onlinestore
  
ለተጨማሪ ማብራሪያ የቴሌግራም ገፃችን⤵️
https://t.me/Shageronlinestore",2025-05-23T06:57:16+00:00,telegram_media\@Shageronlinestore_7187_1750610190.jpg,የአፕል መሰንጠቂያ የማይዝግ ብረት ዋጋ ብር ውስን ፍሬ ነው ያለን አድራሻ ቁ መገናኛ ታሜ ጋስ ህንፃ ጎን ስሪ ኤም ሲቲ ሞል ሁለተኛ ፎቅ ቢሮ ቁ ከ ሊፍቱ ፊት ለ ፊት ቁ ለቡ መዳህኒዓለም ቤተ ክርስቲያን ወደ ሙዚቃ ቤት ከፍ ብሎ ዛም ሞል ኛ ፎቅ ቢሮ ቁ ለቡ ቅርንጫፍ በ ለማዘዝ ይጠቀሙ ለተጨማሪ ማብራሪያ የቴሌግራም ገፃችን
Sheger online-store,@Shageronlinestore,7186,"🙌multi functional car trash can


          ዋጋ:-800ብር


ውስን ፍሬ ነው ያለን/ Limited Stock

🏢 አድራሻ ቁ.1 👉 መገናኛ ታሜ ጋስ ህንፃ ጎን ስሪ ኤም ሲቲ ሞል  ሁለተኛ ፎቅ ቢሮ ቁ. SL-05A(ከ ሊፍቱ ፊት ለ ፊት)

📍ቁ.2 👉ለቡ  መዳህኒዓለም ቤተ/ክርስቲያን  ወደ ሙዚቃ ቤት ከፍ ብሎ  #ዛም_ሞል 2ኛ ፎቅ ቢሮ.ቁ 214


    📲 0909522840
    📲 0923350054

👍ለቡ ቅርንጫፍ📲0973611819


🔖
💬  በTelegram ለማዘዝ ⤵️ ይጠቀሙ
@shager_onlinestore
  
ለተጨማሪ ማብራሪያ የቴሌግራም ገፃችን⤵️
https://t.me/Shageronlinestore",2025-05-22T16:39:47+00:00,,ዋጋ ብር ውስን ፍሬ ነው ያለን አድራሻ ቁ መገናኛ ታሜ ጋስ ህንፃ ጎን ስሪ ኤም ሲቲ ሞል ሁለተኛ ፎቅ ቢሮ ቁ ከ ሊፍቱ ፊት ለ ፊት ቁ ለቡ መዳህኒዓለም ቤተ ክርስቲያን ወደ ሙዚቃ ቤት ከፍ ብሎ ዛም ሞል ኛ ፎቅ ቢሮ ቁ ለቡ ቅርንጫፍ በ ለማዘዝ ይጠቀሙ ለተጨማሪ ማብራሪያ የቴሌግራም ገፃችን
Sheger online-store,@Shageronlinestore,7185,,2025-05-22T16:32:12+00:00,telegram_media\@Shageronlinestore_7185_1750610192.jpg,
Sheger online-store,@Shageronlinestore,7184,,2025-05-22T16:32:12+00:00,telegram_media\@Shageronlinestore_7184_1750610194.jpg,
Sheger online-store,@Shageronlinestore,7183,,2025-05-22T16:32:12+00:00,telegram_media\@Shageronlinestore_7183_1750610195.jpg,
Sheger online-store,@Shageronlinestore,7182,,2025-05-22T16:32:12+00:00,telegram_media\@Shageronlinestore_7182_1750610197.jpg,
Sheger online-store,@Shageronlinestore,7181,,2025-05-22T16:32:12+00:00,telegram_media\@Shageronlinestore_7181_1750610198.jpg,
Sheger online-store,@Shageronlinestore,7180,"🙌multi functional car trash can


          ዋጋ:-800ብር


ውስን ፍሬ ነው ያለን/ Limited Stock

🏢 አድራሻ ቁ.1 👉 መገናኛ ታሜ ጋስ ህንፃ ጎን ስሪ ኤም ሲቲ ሞል  ሁለተኛ ፎቅ ቢሮ ቁ. SL-05A(ከ ሊፍቱ ፊት ለ ፊት)

📍ቁ.2 👉ለቡ  መዳህኒዓለም ቤተ/ክርስቲያን  ወደ ሙዚቃ ቤት ከፍ ብሎ  #ዛም_ሞል 2ኛ ፎቅ ቢሮ.ቁ 214


    📲 0909522840
    📲 0923350054

👍ለቡ ቅርንጫፍ📲0973611819


🔖
💬  በTelegram ለማዘዝ ⤵️ ይጠቀሙ
@shager_onlinestore
  
ለተጨማሪ ማብራሪያ የቴሌግራም ገፃችን⤵️
https://t.me/Shageronlinestore",2025-05-22T16:32:12+00:00,telegram_media\@Shageronlinestore_7180_1750610200.jpg,ዋጋ ብር ውስን ፍሬ ነው ያለን አድራሻ ቁ መገናኛ ታሜ ጋስ ህንፃ ጎን ስሪ ኤም ሲቲ ሞል ሁለተኛ ፎቅ ቢሮ ቁ ከ ሊፍቱ ፊት ለ ፊት ቁ ለቡ መዳህኒዓለም ቤተ ክርስቲያን ወደ ሙዚቃ ቤት ከፍ ብሎ ዛም ሞል ኛ ፎቅ ቢሮ ቁ ለቡ ቅርንጫፍ በ ለማዘዝ ይጠቀሙ ለተጨማሪ ማብራሪያ የቴሌግራም ገፃችን
Sheger online-store,@Shageronlinestore,7179,,2025-05-22T13:42:30+00:00,telegram_media\@Shageronlinestore_7179_1750610202.jpg,
Sheger online-store,@Shageronlinestore,7178,,2025-05-22T13:42:30+00:00,telegram_media\@Shageronlinestore_7178_1750610204.jpg,
Sheger online-store,@Shageronlinestore,7177,"🍀 **Car Neck  Pillow **

👉Adjustable 
👉Neck Support Driving Head Cushion Pad
👉Available Color: cream and blue black 

         **ዋጋ፦ 1pc- 500 ብር**
                   2pc-900ብር

ውስን ፍሬ ነው ያለን/ Limited Stock

🏢 አድራሻ ቁ.1 👉 መገናኛ ታሜ ጋስ ህንፃ ጎን ስሪ ኤም ሲቲ ሞል  ሁለተኛ ፎቅ ቢሮ ቁ. SL-05A(ከ ሊፍቱ ፊት ለ ፊት)

📍ቁ.2 👉ለቡ  መዳህኒዓለም ቤተ/ክርስቲያን  ወደ ሙዚቃ ቤት ከፍ ብሎ  #ዛም_ሞል 2ኛ ፎቅ ቢሮ.ቁ 214


    📲 0909522840
    📲 0923350054

👍ለቡ ቅርንጫፍ📲0973611819


🔖
💬  በTelegram ለማዘዝ ⤵️ ይጠቀሙ
@shager_onlinestore
  
ለተጨማሪ ማብራሪያ የቴሌግራም ገፃችን⤵️
https://t.me/Shageronlinestore",2025-05-22T13:42:30+00:00,telegram_media\@Shageronlinestore_7177_1750610206.jpg,ዋጋ፦ ብር ብር ውስን ፍሬ ነው ያለን አድራሻ ቁ መገናኛ ታሜ ጋስ ህንፃ ጎን ስሪ ኤም ሲቲ ሞል ሁለተኛ ፎቅ ቢሮ ቁ ከ ሊፍቱ ፊት ለ ፊት ቁ ለቡ መዳህኒዓለም ቤተ ክርስቲያን ወደ ሙዚቃ ቤት ከፍ ብሎ ዛም ሞል ኛ ፎቅ ቢሮ ቁ ለቡ ቅርንጫፍ በ ለማዘዝ ይጠቀሙ ለተጨማሪ ማብራሪያ የቴሌግራም ገፃችን
Sheger online-store,@Shageronlinestore,7176,"💥 **Stainless Steel Espresso Maker**



      💯High Quality 

**👉Made in Italy የሆነውን ምርጥ የባለ 9 ሲኒ ቡና ማፍያ**
__⚡️ለቤት፣ለቢሮ እጅግ ተመራጭ 
⚡️9 ስኒ ቡና የሚይዝ
⚡️ለማፅዳት ቀላል
⚡️ከአልሙኒየም የተሰራ

💥__#Espresso_Maker
__⚡️New & high quality
⚡️Compatible with all stovetops 
⚡️Save time and effort 
⚡️Easy to clean 
⚡️Comfortable to hold__

#Product_Specifications**:**
__☄️Type: Coffee Maker
☄️Material: Stainless Steel
☄️Color: Silver
☄️Capacity: 9cup

👉Suitable For Electric, Gas, Ceramic and Induction Hobs

__#Packing_List__:
1* Coffee Machine__


            **ዋጋ፦ ✅ 1,300 ብር**

🏢 አድራሻ  ቁ.1👉መገናኛ ስሪ ኤም ሲቲ ሞል  ሁለተኛ ፎቅ ቢሮ ቁ. SL-05A(ከ ሊፍቱ ፊት ለ ፊት)

📍ቁ.2 👉ለቡ  መዳህኒዓለም ቤተ/ክርስቲያን ፊት ለፊት  #ዛም_ሞል 2ኛ ፎቅ ቢሮ ቁጥር.214


👍ለቡ ቅርንጫፍ📲0973611819

     💧💧💧💧


    📲 0909522840
    📲 0923350054

🔖
💬  በTelegram ለማዘዝ ⤵️ ይጠቀሙ
@shager_onlinestore
  
ለተጨማሪ ማብራሪያ የቴሌግራም ገፃችን⤵️
https://t.me/Shageronlinestore",2025-05-22T09:17:07+00:00,,የሆነውን ምርጥ የባለ ሲኒ ቡና ማፍያ ለቤት፣ለቢሮ እጅግ ተመራጭ ስኒ ቡና የሚይዝ ለማፅዳት ቀላል ከአልሙኒየም የተሰራ ዋጋ፦ ብር አድራሻ ቁ መገናኛ ስሪ ኤም ሲቲ ሞል ሁለተኛ ፎቅ ቢሮ ቁ ከ ሊፍቱ ፊት ለ ፊት ቁ ለቡ መዳህኒዓለም ቤተ ክርስቲያን ፊት ለፊት ዛም ሞል ኛ ፎቅ ቢሮ ቁጥር ለቡ ቅርንጫፍ በ ለማዘዝ ይጠቀሙ ለተጨማሪ ማብራሪያ የቴሌግራም ገፃችን
Sheger online-store,@Shageronlinestore,7175,,2025-05-22T09:17:07+00:00,telegram_media\@Shageronlinestore_7175_1750610207.jpg,
Sheger online-store,@Shageronlinestore,7174,,2025-05-22T09:17:06+00:00,telegram_media\@Shageronlinestore_7174_1750610208.jpg,
Sheger online-store,@Shageronlinestore,7173,,2025-05-22T09:17:06+00:00,telegram_media\@Shageronlinestore_7173_1750610209.jpg,
Sheger online-store,@Shageronlinestore,7172,,2025-05-22T09:17:06+00:00,telegram_media\@Shageronlinestore_7172_1750610210.jpg,
Sheger online-store,@Shageronlinestore,7171,,2025-05-22T09:17:06+00:00,telegram_media\@Shageronlinestore_7171_1750610211.jpg,
Sheger online-store,@Shageronlinestore,7170,,2025-05-22T09:17:06+00:00,telegram_media\@Shageronlinestore_7170_1750610212.jpg,
Sheger online-store,@Shageronlinestore,7169,,2025-05-22T09:17:06+00:00,telegram_media\@Shageronlinestore_7169_1750610213.jpg,
Sheger online-store,@Shageronlinestore,7168,"💥 **Stainless Steel Espresso Maker**


      💯High Quality 

**👉Made in Italy የሆነውን ምርጥ የባለ 9 ሲኒ ቡና ማፍያ**
__⚡️ለቤት፣ለቢሮ እጅግ ተመራጭ 
⚡️9 ስኒ ቡና የሚይዝ
⚡️ለማፅዳት ቀላል
⚡️ከአልሙኒየም የተሰራ

💥__#Espresso_Maker
__⚡️New & high quality
⚡️Compatible with all stovetops 
⚡️Save time and effort 
⚡️Easy to clean 
⚡️Comfortable to hold__

#Product_Specifications**:**
__☄️Type: Coffee Maker
☄️Material: Stainless Steel
☄️Color: Silver
☄️Capacity: 9 cup

👉Suitable For Electric, Gas, Ceramic and Induction Hobs

__#Packing_List__:
1* Coffee Machine__


            **ዋጋ፦ ✅ 1,300 ብር**

🏢 አድራሻ  ቁ.1👉መገናኛ ስሪ ኤም ሲቲ ሞል  ሁለተኛ ፎቅ ቢሮ ቁ. SL-05A(ከ ሊፍቱ ፊት ለ ፊት)

📍ቁ.2 👉ለቡ  መዳህኒዓለም ቤተ/ክርስቲያን ፊት ለፊት  #ዛም_ሞል 2ኛ ፎቅ ቢሮ ቁጥር.214


👍ለቡ ቅርንጫፍ📲0971611819

     💧💧💧💧


    📲 0909522840
    📲 0923350054

🔖
💬  በTelegram ለማዘዝ ⤵️ ይጠቀሙ
@shager_onlinestore
  
ለተጨማሪ ማብራሪያ የቴሌግራም ገፃችን⤵️
https://t.me/Shageronlinestore",2025-05-22T09:17:06+00:00,telegram_media\@Shageronlinestore_7168_1750610215.jpg,የሆነውን ምርጥ የባለ ሲኒ ቡና ማፍያ ለቤት፣ለቢሮ እጅግ ተመራጭ ስኒ ቡና የሚይዝ ለማፅዳት ቀላል ከአልሙኒየም የተሰራ ዋጋ፦ ብር አድራሻ ቁ መገናኛ ስሪ ኤም ሲቲ ሞል ሁለተኛ ፎቅ ቢሮ ቁ ከ ሊፍቱ ፊት ለ ፊት ቁ ለቡ መዳህኒዓለም ቤተ ክርስቲያን ፊት ለፊት ዛም ሞል ኛ ፎቅ ቢሮ ቁጥር ለቡ ቅርንጫፍ በ ለማዘዝ ይጠቀሙ ለተጨማሪ ማብራሪያ የቴሌግራም ገፃችን
Sheger online-store,@Shageronlinestore,7167,"📌Jikokoa Charcoal Grill Stove

⚡️ ክሰል ቆጣቢ
⚡️ ውብ እና ጠንካራ

ዋጋ፦  💲🏷  4600 ብር

♦️ውስን ፍሬ ነው ያለው

🏢 አድራሻ  👉 ቁ.1,👉መገናኛ ታሜ ጋስ ህንፃ ጎን ስሪ ኤም ሲቲ ሞል  ሁለተኛ ፎቅ ቢሮ ቁ. SL-05A (ከ ሊፍቱ ፊት ለ ፊት)

📍ቁ.2 👉ለቡ  መዳህኒዓለም ቤተ/ክርስቲያን ፊት ለፊት  #ዛም_ሞል 2ኛ ፎቅ ቢሮ ቁጥር.214



👍ለቡ ቅርንጫፍ📲0973611819


    📲 0909522840
    📲 0923350054

🔖
💬  በTelegram ለማዘዝ ⤵️ ይጠቀሙ
@shager_onlinestore",2025-05-22T05:18:33+00:00,telegram_media\@Shageronlinestore_7167_1750610216.jpg,ክሰል ቆጣቢ ውብ እና ጠንካራ ዋጋ፦ ብር ውስን ፍሬ ነው ያለው አድራሻ ቁ መገናኛ ታሜ ጋስ ህንፃ ጎን ስሪ ኤም ሲቲ ሞል ሁለተኛ ፎቅ ቢሮ ቁ ከ ሊፍቱ ፊት ለ ፊት ቁ ለቡ መዳህኒዓለም ቤተ ክርስቲያን ፊት ለፊት ዛም ሞል ኛ ፎቅ ቢሮ ቁጥር ለቡ ቅርንጫፍ በ ለማዘዝ ይጠቀሙ
Sheger online-store,@Shageronlinestore,7166,"💥 Wild Tornado
👉Sink and Drain Cleaner 
👉ለኩሽና,
ለሽንት ቤት , ለሲንክ, ለሻውር ቤት, መፅጃ 

  
❌ውስን ፍሬ ነው ያለው  

        ዋጋ፦ ✅ 500 ብር

ውስን ፍሬ ነው ያለን/ Limited Stock

ውስን ፍሬ ነው ያለን/ Limited Stock

🏢 አድራሻ ቁ.1 👉 መገናኛ ታሜ ጋስ ህንፃ ጎን ስሪ ኤም ሲቲ ሞል  ሁለተኛ ፎቅ ቢሮ ቁ. SL-05A(ከ ሊፍቱ ፊት ለ ፊት)

📍ቁ.2 👉ለቡ  መዳህኒዓለም ቤተ/ክርስቲያን  ወደ ሙዚቃ ቤት ከፍ ብሎ  #ዛም_ሞል 2ኛ ፎቅ ቢሮ.ቁ 214


    📲 0909522840
    📲 0923350054

👍ለቡ ቅርንጫፍ📲0973611819


🔖
💬  በTelegram ለማዘዝ ⤵️ ይጠቀሙ
@shager_onlinestore
  
ለተጨማሪ ማብራሪያ የቴሌግራም ገፃችን⤵️
https://t.me/Shageronlinestore",2025-05-21T13:44:57+00:00,,ለኩሽና ለሽንት ቤት ለሲንክ ለሻውር ቤት መፅጃ ውስን ፍሬ ነው ያለው ዋጋ፦ ብር ውስን ፍሬ ነው ያለን ውስን ፍሬ ነው ያለን አድራሻ ቁ መገናኛ ታሜ ጋስ ህንፃ ጎን ስሪ ኤም ሲቲ ሞል ሁለተኛ ፎቅ ቢሮ ቁ ከ ሊፍቱ ፊት ለ ፊት ቁ ለቡ መዳህኒዓለም ቤተ ክርስቲያን ወደ ሙዚቃ ቤት ከፍ ብሎ ዛም ሞል ኛ ፎቅ ቢሮ ቁ ለቡ ቅርንጫፍ በ ለማዘዝ ይጠቀሙ ለተጨማሪ ማብራሪያ የቴሌግራም ገፃችን
Sheger online-store,@Shageronlinestore,7165,"💥 Arm Skin Protectors

ዋጋ፦  💰🏷  350 ብር

📍ውስን ፍሬ ነው ያለን/ Limited Stock

ውስን ፍሬ ነው ያለን/ Limited Stock

🏢 አድራሻ ቁ.1 👉 መገናኛ ታሜ ጋስ ህንፃ ጎን ስሪ ኤም ሲቲ ሞል  ሁለተኛ ፎቅ ቢሮ ቁ. SL-05A(ከ ሊፍቱ ፊት ለ ፊት)

📍ቁ.2 👉ለቡ  መዳህኒዓለም ቤተ/ክርስቲያን  ወደ ሙዚቃ ቤት ከፍ ብሎ  #ዛም_ሞል 2ኛ ፎቅ ቢሮ.ቁ 214


    📲 0909522840
    📲 0923350054

👍ለቡ ቅርንጫፍ📲0973611819


🔖
💬  በTelegram ለማዘዝ ⤵️ ይጠቀሙ
@shager_onlinestore
  
ለተጨማሪ ማብራሪያ የቴሌግራም ገፃችን⤵️
https://t.me/Shageronlinestore",2025-05-21T08:44:19+00:00,,ዋጋ፦ ብር ውስን ፍሬ ነው ያለን ውስን ፍሬ ነው ያለን አድራሻ ቁ መገናኛ ታሜ ጋስ ህንፃ ጎን ስሪ ኤም ሲቲ ሞል ሁለተኛ ፎቅ ቢሮ ቁ ከ ሊፍቱ ፊት ለ ፊት ቁ ለቡ መዳህኒዓለም ቤተ ክርስቲያን ወደ ሙዚቃ ቤት ከፍ ብሎ ዛም ሞል ኛ ፎቅ ቢሮ ቁ ለቡ ቅርንጫፍ በ ለማዘዝ ይጠቀሙ ለተጨማሪ ማብራሪያ የቴሌግራም ገፃችን
Sheger online-store,@Shageronlinestore,7164,"💥 Arm Skin Protectors

ዋጋ፦  💰🏷  350 ብር

📍ውስን ፍሬ ነው ያለን/ Limited Stock

ውስን ፍሬ ነው ያለን/ Limited Stock

🏢 አድራሻ ቁ.1 👉 መገናኛ ታሜ ጋስ ህንፃ ጎን ስሪ ኤም ሲቲ ሞል  ሁለተኛ ፎቅ ቢሮ ቁ. SL-05A(ከ ሊፍቱ ፊት ለ ፊት)

📍ቁ.2 👉ለቡ  መዳህኒዓለም ቤተ/ክርስቲያን  ወደ ሙዚቃ ቤት ከፍ ብሎ  #ዛም_ሞል 2ኛ ፎቅ ቢሮ.ቁ 214


    📲 0909522840
    📲 0923350054

👍ለቡ ቅርንጫፍ📲0973611819


🔖
💬  በTelegram ለማዘዝ ⤵️ ይጠቀሙ
@shager_onlinestore
  
ለተጨማሪ ማብራሪያ የቴሌግራም ገፃችን⤵️
https://t.me/Shageronlinestore",2025-05-21T08:44:19+00:00,telegram_media\@Shageronlinestore_7164_1750610217.jpg,ዋጋ፦ ብር ውስን ፍሬ ነው ያለን ውስን ፍሬ ነው ያለን አድራሻ ቁ መገናኛ ታሜ ጋስ ህንፃ ጎን ስሪ ኤም ሲቲ ሞል ሁለተኛ ፎቅ ቢሮ ቁ ከ ሊፍቱ ፊት ለ ፊት ቁ ለቡ መዳህኒዓለም ቤተ ክርስቲያን ወደ ሙዚቃ ቤት ከፍ ብሎ ዛም ሞል ኛ ፎቅ ቢሮ ቁ ለቡ ቅርንጫፍ በ ለማዘዝ ይጠቀሙ ለተጨማሪ ማብራሪያ የቴሌግራም ገፃችን
Sheger online-store,@Shageronlinestore,7163,"💥 **Foldable High Capacity Travel Bags**  

👉__Lightweight Travel Carry Bag 
👉 High Capacity
👉Water-resistant multiple pockets 
👉Multifunctional Sport Travel Bags__
👉It is portable with multiple ways to carry, handheld, shoulder-on, or put on luggage. 


       **     ዋጋ፦ 1,350 ብር**

ውስን ፍሬ ነው ያለን/ Limited Stock

🏢 አድራሻ ቁ.1 👉 መገናኛ ታሜ ጋስ ህንፃ ጎን ስሪ ኤም ሲቲ ሞል  ሁለተኛ ፎቅ ቢሮ ቁ. SL-05A(ከ ሊፍቱ ፊት ለ ፊት)

📍ቁ.2 👉ለቡ  መዳህኒዓለም ቤተ/ክርስቲያን ፊት ለፊት  #ዛም_ሞል 2ኛ ፎቅ ቢሮ ቁጥር.214


    📲 0909522840
    📲 0923350054

👍ለቡ ቅርንጫፍ📲0973611819


🔖
💬  በTelegram ለማዘዝ ⤵️ ይጠቀሙ
@shager_onlinestore
  
ለተጨማሪ ማብራሪያ የቴሌግራም ገፃችን⤵️
https://t.me/Shageronlinestore",2025-05-21T06:31:12+00:00,,ዋጋ፦ ብር ውስን ፍሬ ነው ያለን አድራሻ ቁ መገናኛ ታሜ ጋስ ህንፃ ጎን ስሪ ኤም ሲቲ ሞል ሁለተኛ ፎቅ ቢሮ ቁ ከ ሊፍቱ ፊት ለ ፊት ቁ ለቡ መዳህኒዓለም ቤተ ክርስቲያን ፊት ለፊት ዛም ሞል ኛ ፎቅ ቢሮ ቁጥር ለቡ ቅርንጫፍ በ ለማዘዝ ይጠቀሙ ለተጨማሪ ማብራሪያ የቴሌግራም ገፃችን
Sheger online-store,@Shageronlinestore,7162,"💥 **Foldable High Capacity Travel Bags**  

👉__Lightweight Travel Carry Bag 
👉 High Capacity
👉Water-resistant multiple pockets 
👉Multifunctional Sport Travel Bags__
👉It is portable with multiple ways to carry, handheld, shoulder-on, or put on luggage. 


       **     ዋጋ፦ 1,350 ብር**

🏢 አድራሻ  ቁ.1👉 መገናኛ ስሪ ኤም ሲቲ ሞል  ሁለተኛ ፎቅ ቢሮ ቁ. SL-05A(ከ ሊፍቱ ፊት ለ ፊት)

📍ቁ.2 👉ለቡ  መዳህኒዓለም ቤተ/ክርስቲያን ፊት ለፊት  #ዛም_ሞል 2ኛ ፎቅ ቢሮ ቁጥር.214


    📲 0909522840
    📲 0923350054

👍ለቡ ቅርንጫፍ📲0973611819


🔖
💬  በTelegram ለማዘዝ ⤵️ ይጠቀሙ
@shager_onlinestore
  
ለተጨማሪ ማብራሪያ የቴሌግራም ገፃችን⤵️
https://t.me/Shageronlinestore",2025-05-21T06:31:12+00:00,,ዋጋ፦ ብር አድራሻ ቁ መገናኛ ስሪ ኤም ሲቲ ሞል ሁለተኛ ፎቅ ቢሮ ቁ ከ ሊፍቱ ፊት ለ ፊት ቁ ለቡ መዳህኒዓለም ቤተ ክርስቲያን ፊት ለፊት ዛም ሞል ኛ ፎቅ ቢሮ ቁጥር ለቡ ቅርንጫፍ በ ለማዘዝ ይጠቀሙ ለተጨማሪ ማብራሪያ የቴሌግራም ገፃችን
Sheger online-store,@Shageronlinestore,7161,,2025-05-21T06:31:12+00:00,telegram_media\@Shageronlinestore_7161_1750610218.jpg,
Sheger online-store,@Shageronlinestore,7160,,2025-05-21T06:31:12+00:00,telegram_media\@Shageronlinestore_7160_1750610219.jpg,
Sheger online-store,@Shageronlinestore,7159,,2025-05-21T06:31:12+00:00,telegram_media\@Shageronlinestore_7159_1750610220.jpg,
Sheger online-store,@Shageronlinestore,7158,"💥 **Foldable High Capacity Travel Bags**  

👉__Lightweight Travel Carry Bag 
👉 High Capacity
👉Water-resistant multiple pockets 
👉Multifunctional Sport Travel Bags__
👉It is portable with multiple ways to carry, handheld, shoulder-on, or put on luggage. 


       **     ዋጋ፦ 1,350 ብር**

ውስን ፍሬ ነው ያለን/ Limited Stock

🏢 አድራሻ ቁ.1 👉 መገናኛ ታሜ ጋስ ህንፃ ጎን ስሪ ኤም ሲቲ ሞል  ሁለተኛ ፎቅ ቢሮ ቁ. SL-05A(ከ ሊፍቱ ፊት ለ ፊት)

📍ቁ.2 👉ለቡ  መዳህኒዓለም ቤተ/ክርስቲያን ፊት ለፊት  #ዛም_ሞል 2ኛ ፎቅ ቢሮ ቁጥር.214


    📲 0909522840
    📲 0923350054

👍ለቡ ቅርንጫፍ📲0973611819


🔖
💬  በTelegram ለማዘዝ ⤵️ ይጠቀሙ
@shager_onlinestore
  
ለተጨማሪ ማብራሪያ የቴሌግራም ገፃችን⤵️
https://t.me/Shageronlinestore",2025-05-21T06:31:12+00:00,telegram_media\@Shageronlinestore_7158_1750610221.jpg,ዋጋ፦ ብር ውስን ፍሬ ነው ያለን አድራሻ ቁ መገናኛ ታሜ ጋስ ህንፃ ጎን ስሪ ኤም ሲቲ ሞል ሁለተኛ ፎቅ ቢሮ ቁ ከ ሊፍቱ ፊት ለ ፊት ቁ ለቡ መዳህኒዓለም ቤተ ክርስቲያን ፊት ለፊት ዛም ሞል ኛ ፎቅ ቢሮ ቁጥር ለቡ ቅርንጫፍ በ ለማዘዝ ይጠቀሙ ለተጨማሪ ማብራሪያ የቴሌግራም ገፃችን
Sheger online-store,@Shageronlinestore,7157,,2025-05-20T14:08:05+00:00,telegram_media\@Shageronlinestore_7157_1750610222.jpg,
Sheger online-store,@Shageronlinestore,7156,,2025-05-20T14:08:05+00:00,telegram_media\@Shageronlinestore_7156_1750610223.jpg,
Sheger online-store,@Shageronlinestore,7155,,2025-05-20T14:08:04+00:00,telegram_media\@Shageronlinestore_7155_1750610225.jpg,
Sheger online-store,@Shageronlinestore,7154,"💥Electronic mosquito coil liquid killer(ቢንቢ መግደያ)

👍 ሁነኛ የቢንቢ ማጥፊያ
👍ለቤት ሽታ በተጨማሪ ቢንቢን እና የተለያዩ ነፍሳቶችን ከቤታችን የሚያጠፋ
👍ከተፈጥሮ ጋ ተስማሚ
👍ለአጠቃቀም ቀላል ሶኬት ላይ ብቻ በመሰካት የሚሰራ


 ዋጋ፦  💲🏷  550ብር

      ፈሳሹ ብቻ:-250ብር

♦️ውስን ፍሬ ነው ያለው

ውስን ፍሬ ነው ያለን/ Limited Stock

🏢 አድራሻ ቁ.1 👉 መገናኛ ታሜ ጋስ ህንፃ ጎን ስሪ ኤም ሲቲ ሞል  ሁለተኛ ፎቅ ቢሮ ቁ. SL-05A(ከ ሊፍቱ ፊት ለ ፊት)

📍ቁ.2 👉ለቡ  መዳህኒዓለም ቤተ/ክርስቲያን  ወደ ሙዚቃ ቤት ከፍ ብሎ  #ዛም_ሞል 2ኛ ፎቅ ቢሮ.ቁ 214


    📲 0909522840
    📲 0923350054

👍ለቡ ቅርንጫፍ📲0973611819


🔖
💬  በTelegram ለማዘዝ ⤵️ ይጠቀሙ
@shager_onlinestore
  
ለተጨማሪ ማብራሪያ የቴሌግራም ገፃችን⤵️
https://t.me/Shageronlinestore",2025-05-20T14:08:04+00:00,telegram_media\@Shageronlinestore_7154_1750610227.jpg,ቢንቢ መግደያ ሁነኛ የቢንቢ ማጥፊያ ለቤት ሽታ በተጨማሪ ቢንቢን እና የተለያዩ ነፍሳቶችን ከቤታችን የሚያጠፋ ከተፈጥሮ ጋ ተስማሚ ለአጠቃቀም ቀላል ሶኬት ላይ ብቻ በመሰካት የሚሰራ ዋጋ፦ ብር ፈሳሹ ብቻ ብር ውስን ፍሬ ነው ያለው ውስን ፍሬ ነው ያለን አድራሻ ቁ መገናኛ ታሜ ጋስ ህንፃ ጎን ስሪ ኤም ሲቲ ሞል ሁለተኛ ፎቅ ቢሮ ቁ ከ ሊፍቱ ፊት ለ ፊት ቁ ለቡ መዳህኒዓለም ቤተ ክርስቲያን ወደ ሙዚቃ ቤት ከፍ ብሎ ዛም ሞል ኛ ፎቅ ቢሮ ቁ ለቡ ቅርንጫፍ በ ለማዘዝ ይጠቀሙ ለተጨማሪ ማብራሪያ የቴሌግራም ገፃችን
Sheger online-store,@Shageronlinestore,7153,,2025-05-20T09:47:58+00:00,telegram_media\@Shageronlinestore_7153_1750610228.jpg,
Sheger online-store,@Shageronlinestore,7152,,2025-05-20T09:47:58+00:00,telegram_media\@Shageronlinestore_7152_1750610229.jpg,
Sheger online-store,@Shageronlinestore,7151,,2025-05-20T09:47:58+00:00,telegram_media\@Shageronlinestore_7151_1750610230.jpg,
Sheger online-store,@Shageronlinestore,7150,"📌 6pcs Reusable drinking Stainless Straws with Cleaning brush 

👍እንደ ማማሰያም መጠጫም የሚያገለግል
👍የማይዝግ 
👍የራሱ ማፅጃ ብሩሽ ያለው
👍 በ 2 የቀለም አማራጭ Gold & Silver

 ዋጋ፦  💵🏷  600 ብር 
                       
♦️ውስን ፍሬ ነው ያለው 😀😀😀

🏢 አድራሻ  ቁ.1👉 መገናኛ ስሪ ኤም ሲቲ ሞል  ሁለተኛ ፎቅ ቢሮ ቁ. SL-05A(ከ ሊፍቱ ፊት ለ ፊት)

📍ቁ.2 👉ለቡ  መዳህኒዓለም ቤተ/ክርስቲያን ፊት ለፊት  #ዛም_ሞል 2ኛ ፎቅ ቢሮ ቁጥር.214


👍ለቡ ቅርንጫፍ📲0973611819



    📲 0909522840
    📲 0923350054

🔖
💬  በTelegram ለማዘዝ ⤵️ ይጠቀሙ
@shager_onlinestore
  
ለተጨማሪ ማብራሪያ የቴሌግራም ገፃችን⤵️
https://t.me/Shageronlinestore",2025-05-20T09:47:58+00:00,telegram_media\@Shageronlinestore_7150_1750610231.jpg,እንደ ማማሰያም መጠጫም የሚያገለግል የማይዝግ የራሱ ማፅጃ ብሩሽ ያለው በ የቀለም አማራጭ ዋጋ፦ ብር ውስን ፍሬ ነው ያለው አድራሻ ቁ መገናኛ ስሪ ኤም ሲቲ ሞል ሁለተኛ ፎቅ ቢሮ ቁ ከ ሊፍቱ ፊት ለ ፊት ቁ ለቡ መዳህኒዓለም ቤተ ክርስቲያን ፊት ለፊት ዛም ሞል ኛ ፎቅ ቢሮ ቁጥር ለቡ ቅርንጫፍ በ ለማዘዝ ይጠቀሙ ለተጨማሪ ማብራሪያ የቴሌግራም ገፃችን
Sheger online-store,@Shageronlinestore,7149,"🎯Shock and Noise Cancelling Washing Machine Support

🔰Washer and Dryer Pedestals,Anti Slip Anti Vibration Rubber Washing Machine Feet Pads
🔰Washing Machine Stabilizer for Raise Height 
🔰Reduce Noise 4PCS

ዋጋ፦  💰🏷  500 ብር

አድራሻ ቁ.1 👉 መገናኛ ታሜ ጋስ ህንፃ ጎን ስሪ ኤም ሲቲ ሞል  ሁለተኛ ፎቅ ቢሮ ቁ. SL-05A(ከ ሊፍቱ ፊት ለ ፊት)

📍ቁ.2 👉ለቡ  መዳህኒዓለም ቤተ/ክርስቲያን 100ሜ ወደ ሙዚቃ ቤት ከፍ ብሎ  #ዛም_ሞል 2ኛ ፎቅ ቢሮ.ቁ 214


    📲 0909522840
    📲 0923350054

👍ለቡ ቅርንጫፍ📲0973611819


🔖
💬  በTelegram ለማዘዝ ⤵️ ይጠቀሙ
@shager_onlinestore
  
ለተጨማሪ ማብራሪያ የቴሌግራም ገፃችን⤵️
https://t.me/Shageronlinestore             ",2025-05-20T07:33:14+00:00,,ዋጋ፦ ብር አድራሻ ቁ መገናኛ ታሜ ጋስ ህንፃ ጎን ስሪ ኤም ሲቲ ሞል ሁለተኛ ፎቅ ቢሮ ቁ ከ ሊፍቱ ፊት ለ ፊት ቁ ለቡ መዳህኒዓለም ቤተ ክርስቲያን ሜ ወደ ሙዚቃ ቤት ከፍ ብሎ ዛም ሞል ኛ ፎቅ ቢሮ ቁ ለቡ ቅርንጫፍ በ ለማዘዝ ይጠቀሙ ለተጨማሪ ማብራሪያ የቴሌግራም ገፃችን
Sheger online-store,@Shageronlinestore,7148,"🎯Shock and Noise Cancelling Washing Machine Support

🔰Washer and Dryer Pedestals,Anti Slip Anti Vibration Rubber Washing Machine Feet Pads
🔰Washing Machine Stabilizer for Raise Height 
🔰Reduce Noise 4PCS

ዋጋ፦  💰🏷  500 ብር

አድራሻ ቁ.1 👉 መገናኛ ታሜ ጋስ ህንፃ ጎን ስሪ ኤም ሲቲ ሞል  ሁለተኛ ፎቅ ቢሮ ቁ. SL-05A(ከ ሊፍቱ ፊት ለ ፊት)

📍ቁ.2 👉ለቡ  መዳህኒዓለም ቤተ/ክርስቲያን 100ሜ ወደ ሙዚቃ ቤት ከፍ ብሎ  #ዛም_ሞል 2ኛ ፎቅ ቢሮ.ቁ 214


    📲 0909522840
    📲 0923350054

👍ለቡ ቅርንጫፍ📲0973611819


🔖
💬  በTelegram ለማዘዝ ⤵️ ይጠቀሙ
@shager_onlinestore
  
ለተጨማሪ ማብራሪያ የቴሌግራም ገፃችን⤵️
https://t.me/Shageronlinestore             ",2025-05-20T07:33:14+00:00,,ዋጋ፦ ብር አድራሻ ቁ መገናኛ ታሜ ጋስ ህንፃ ጎን ስሪ ኤም ሲቲ ሞል ሁለተኛ ፎቅ ቢሮ ቁ ከ ሊፍቱ ፊት ለ ፊት ቁ ለቡ መዳህኒዓለም ቤተ ክርስቲያን ሜ ወደ ሙዚቃ ቤት ከፍ ብሎ ዛም ሞል ኛ ፎቅ ቢሮ ቁ ለቡ ቅርንጫፍ በ ለማዘዝ ይጠቀሙ ለተጨማሪ ማብራሪያ የቴሌግራም ገፃችን
Sheger online-store,@Shageronlinestore,7147,"🎯Shock and Noise Cancelling Washing Machine Support

🔰Washer and Dryer Pedestals,Anti Slip Anti Vibration Rubber Washing Machine Feet Pads
🔰Washing Machine Stabilizer for Raise Height 
🔰Reduce Noise 4PCS

ዋጋ፦  💰🏷  500 ብር

አድራሻ ቁ.1 👉 መገናኛ ታሜ ጋስ ህንፃ ጎን ስሪ ኤም ሲቲ ሞል  ሁለተኛ ፎቅ ቢሮ ቁ. SL-05A(ከ ሊፍቱ ፊት ለ ፊት)

📍ቁ.2 👉ለቡ  መዳህኒዓለም ቤተ/ክርስቲያን 100ሜ ወደ ሙዚቃ ቤት ከፍ ብሎ  #ዛም_ሞል 2ኛ ፎቅ ቢሮ.ቁ 214


    📲 0909522840
    📲 0923350054

👍ለቡ ቅርንጫፍ📲0973611819


🔖
💬  በTelegram ለማዘዝ ⤵️ ይጠቀሙ
@shager_onlinestore
  
ለተጨማሪ ማብራሪያ የቴሌግራም ገፃችን⤵️
https://t.me/Shageronlinestore             ",2025-05-20T07:33:14+00:00,telegram_media\@Shageronlinestore_7147_1750610232.jpg,ዋጋ፦ ብር አድራሻ ቁ መገናኛ ታሜ ጋስ ህንፃ ጎን ስሪ ኤም ሲቲ ሞል ሁለተኛ ፎቅ ቢሮ ቁ ከ ሊፍቱ ፊት ለ ፊት ቁ ለቡ መዳህኒዓለም ቤተ ክርስቲያን ሜ ወደ ሙዚቃ ቤት ከፍ ብሎ ዛም ሞል ኛ ፎቅ ቢሮ ቁ ለቡ ቅርንጫፍ በ ለማዘዝ ይጠቀሙ ለተጨማሪ ማብራሪያ የቴሌግራም ገፃችን
Sheger online-store,@Shageronlinestore,7146,"🎯 Foldable Electric Kettle – 600ml
✔️ተጣጣፊ የኤሌክትሪክ ሶኬት የሚሰራ ቦይለር

🔰Foldable Electric Kettle with its new design completely collapsible for easy storage and travel. 

🔰Foldable and Portable
🔰Easy to store
🔰Fast Boiling
🔰Capacity: 600ml
🔰Power: 600W
🔰Dry Protection
🔰on/off Switch Off
🔰Voltage: 220V
🔰Material: Silicone + Plastic
🔰304 Stainless Steel Heating Plate

ዋጋ፦  💰🏷  1300 ብር✅
                      
ውስን ፍሬ ነው ያለው

🏢 አድራሻ ቁ.1 👉 መገናኛ ታሜ ጋስ ህንፃ ጎን ስሪ ኤም ሲቲ ሞል  ሁለተኛ ፎቅ ቢሮ ቁ. SL-05A(ከ ሊፍቱ ፊት ለ ፊት)

📍ቁ.2 👉ለቡ  መዳህኒዓለም ቤተ/ክርስቲያን 100ሜ ወደ ሙዚቃ ቤት ከፍ ብሎ  #ዛም_ሞል 2ኛ ፎቅ ቢሮ.ቁ 214


    📲 0909522840
    📲 0923350054

👍ለቡ ቅርንጫፍ📲0973611819


🔖
💬  በTelegram ለማዘዝ ⤵️ ይጠቀሙ
@shager_onlinestore
  
ለተጨማሪ ማብራሪያ የቴሌግራም ገፃችን⤵️
https://t.me/Shageronlinestore             ",2025-05-19T12:36:21+00:00,,ተጣጣፊ የኤሌክትሪክ ሶኬት የሚሰራ ቦይለር ዋጋ፦ ብር ውስን ፍሬ ነው ያለው አድራሻ ቁ መገናኛ ታሜ ጋስ ህንፃ ጎን ስሪ ኤም ሲቲ ሞል ሁለተኛ ፎቅ ቢሮ ቁ ከ ሊፍቱ ፊት ለ ፊት ቁ ለቡ መዳህኒዓለም ቤተ ክርስቲያን ሜ ወደ ሙዚቃ ቤት ከፍ ብሎ ዛም ሞል ኛ ፎቅ ቢሮ ቁ ለቡ ቅርንጫፍ በ ለማዘዝ ይጠቀሙ ለተጨማሪ ማብራሪያ የቴሌግራም ገፃችን
Sheger online-store,@Shageronlinestore,7145,"🎯 Foldable Electric Kettle – 600ml
✔️A plug-in electric boiler

🔰Foldable Electric Kettle with its new design completely collapsible for easy storage and travel.

🔰Foldable and Portable
🔰Easy to store
🔰Fast Boiling
🔰Capacity: 600ml
🔰Power: 600W
🔰Dry Protection
🔰on/off Switch Off
🔰Voltage: 220V
🔰Material: Silicone + Plastic
🔰304 Stainless Steel Heating Plate

Price: 💰🏷 1300 Birr✅

ውስን ፍሬ ነው ያለው

🏢 አድራሻ ቁ.1 👉 መገናኛ ታሜ ጋስ ህንፃ ጎን ስሪ ኤም ሲቲ ሞል  ሁለተኛ ፎቅ ቢሮ ቁ. SL-05A(ከ ሊፍቱ ፊት ለ ፊት)

📍ቁ.2 👉ለቡ  መዳህኒዓለም ቤተ/ክርስቲያን 100ሜ ወደ ሙዚቃ ቤት ከፍ ብሎ  #ዛም_ሞል 2ኛ ፎቅ ቢሮ.ቁ 214


    📲 0909522840
    📲 0923350054

👍ለቡ ቅርንጫፍ📲0973611819


🔖
💬  በTelegram ለማዘዝ ⤵️ ይጠቀሙ
@shager_onlinestore
  
ለተጨማሪ ማብራሪያ የቴሌግራም ገፃችን⤵️
https://t.me/Shageronlinestore             ",2025-05-19T12:34:29+00:00,telegram_media\@Shageronlinestore_7145_1750610233.jpg,ውስን ፍሬ ነው ያለው አድራሻ ቁ መገናኛ ታሜ ጋስ ህንፃ ጎን ስሪ ኤም ሲቲ ሞል ሁለተኛ ፎቅ ቢሮ ቁ ከ ሊፍቱ ፊት ለ ፊት ቁ ለቡ መዳህኒዓለም ቤተ ክርስቲያን ሜ ወደ ሙዚቃ ቤት ከፍ ብሎ ዛም ሞል ኛ ፎቅ ቢሮ ቁ ለቡ ቅርንጫፍ በ ለማዘዝ ይጠቀሙ ለተጨማሪ ማብራሪያ የቴሌግራም ገፃችን
Sheger online-store,@Shageronlinestore,7144,,2025-05-19T07:23:03+00:00,telegram_media\@Shageronlinestore_7144_1750610235.jpg,
Sheger online-store,@Shageronlinestore,7143,,2025-05-19T07:23:03+00:00,telegram_media\@Shageronlinestore_7143_1750610236.jpg,
Sheger online-store,@Shageronlinestore,7142,,2025-05-19T07:23:03+00:00,telegram_media\@Shageronlinestore_7142_1750610236.jpg,
Sheger online-store,@Shageronlinestore,7141,,2025-05-19T07:23:03+00:00,telegram_media\@Shageronlinestore_7141_1750610237.jpg,
Sheger online-store,@Shageronlinestore,7140,"💥Baby toilet soft training seat

         ዋጋ:-1000ብር

ውስን ፍሬ ነው ያለው

🏢 አድራሻ ቁ.1 👉 መገናኛ ታሜ ጋስ ህንፃ ጎን ስሪ ኤም ሲቲ ሞል  ሁለተኛ ፎቅ ቢሮ ቁ. SL-05A(ከ ሊፍቱ ፊት ለ ፊት)

📍ቁ.2 👉ለቡ  መዳህኒዓለም ቤተ/ክርስቲያን 100ሜ ወደ ሙዚቃ ቤት ከፍ ብሎ  #ዛም_ሞል 2ኛ ፎቅ ቢሮ.ቁ 214


    📲 0909522840
    📲 0923350054

👍ለቡ ቅርንጫፍ📲0973611819


🔖
💬  በTelegram ለማዘዝ ⤵️ ይጠቀሙ
@shager_onlinestore
  
ለተጨማሪ ማብራሪያ የቴሌግራም ገፃችን⤵️
https://t.me/Shageronlinestore             ",2025-05-19T07:23:03+00:00,telegram_media\@Shageronlinestore_7140_1750610239.jpg,ዋጋ ብር ውስን ፍሬ ነው ያለው አድራሻ ቁ መገናኛ ታሜ ጋስ ህንፃ ጎን ስሪ ኤም ሲቲ ሞል ሁለተኛ ፎቅ ቢሮ ቁ ከ ሊፍቱ ፊት ለ ፊት ቁ ለቡ መዳህኒዓለም ቤተ ክርስቲያን ሜ ወደ ሙዚቃ ቤት ከፍ ብሎ ዛም ሞል ኛ ፎቅ ቢሮ ቁ ለቡ ቅርንጫፍ በ ለማዘዝ ይጠቀሙ ለተጨማሪ ማብራሪያ የቴሌግራም ገፃችን
Sheger online-store,@Shageronlinestore,7139,"💥 Kitchen Sticker

ለኪችንዎ ውበት እጅግ ተመራጭ 
🔰ውሀ የማያስገባ 
🔰ቅባት ዘይት ነገሮች
🔰እሳት እና ተቀጣጣይ ነገሮችን የሚቋቋም 
    ✅ለኪችን ካቢኔት
    ✅ ለካቢኔት መሳቢያወች
    ✅ለኪችንዎ ግርግዳ 


📍ኪችንዎትን ውብ እና ፅዱ ለማድረግ ተመራጭ 

ዋጋ፦5m × 60cm = 950 ብር 
        

🔠ዉስን ፍሬ ነው ያለን
🔠 limited stock

🏢 አድራሻ ቁ.1 👉 መገናኛ ታሜ ጋስ ህንፃ ጎን ስሪ ኤም ሲቲ ሞል  ሁለተኛ ፎቅ ቢሮ ቁ. SL-05A(ከ ሊፍቱ ፊት ለ ፊት)

📍ቁ.2 👉ለቡ  መዳህኒዓለም ቤተ/ክርስቲያን ፊት ለፊት  #ዛም_ሞል 2ኛ ፎቅ ቢሮ ቁጥር.214


    📲 0909522840
    📲 0923350054

👍ለቡ ቅርንጫፍ📲0973611819

🔖
💬  በTelegram ለማዘዝ ⤵️ ይጠቀሙ
@shager_onlinestore
  
ለተጨማሪ ማብራሪያ የቴሌግራም ገፃችን⤵️
https://t.me/Shageronlinestore",2025-05-17T10:14:32+00:00,,ለኪችንዎ ውበት እጅግ ተመራጭ ውሀ የማያስገባ ቅባት ዘይት ነገሮች እሳት እና ተቀጣጣይ ነገሮችን የሚቋቋም ለኪችን ካቢኔት ለካቢኔት መሳቢያወች ለኪችንዎ ግርግዳ ኪችንዎትን ውብ እና ፅዱ ለማድረግ ተመራጭ ዋጋ፦ ብር ዉስን ፍሬ ነው ያለን አድራሻ ቁ መገናኛ ታሜ ጋስ ህንፃ ጎን ስሪ ኤም ሲቲ ሞል ሁለተኛ ፎቅ ቢሮ ቁ ከ ሊፍቱ ፊት ለ ፊት ቁ ለቡ መዳህኒዓለም ቤተ ክርስቲያን ፊት ለፊት ዛም ሞል ኛ ፎቅ ቢሮ ቁጥር ለቡ ቅርንጫፍ በ ለማዘዝ ይጠቀሙ ለተጨማሪ ማብራሪያ የቴሌግራም ገፃችን
Sheger online-store,@Shageronlinestore,7138,"💥  Kitchen Sticker

ለኪችንዎ ውበት እጅግ ተመራጭ 
🔰ውሀ የማያስገባ 
🔰ቅባት ዘይት ነገሮች
🔰እሳት እና ተቀጣጣይ ነገሮችን የሚቋቋም 
    ✅ለኪችን ካቢኔት
    ✅ ለካቢኔት መሳቢያወች
    ✅ለኪችንዎ ግርግዳ 


📍ኪችንዎትን ውብ እና ፅዱ ለማድረግ ተመራጭ 

ዋጋ፦5m × 60cm = 950 ብር 
        

🔠ዉስን ፍሬ ነው ያለን
🔠 limited stock

🏢 አድራሻ ቁ.1 👉 መገናኛ ታሜ ጋስ ህንፃ ጎን ስሪ ኤም ሲቲ ሞል  ሁለተኛ ፎቅ ቢሮ ቁ. SL-05A(ከ ሊፍቱ ፊት ለ ፊት)

📍ቁ.2 👉ለቡ  መዳህኒዓለም ቤተ/ክርስቲያን ፊት ለፊት  #ዛም_ሞል 2ኛ ፎቅ ቢሮ ቁጥር.214


    📲 0909522840
    📲 0923350054

👍ለቡ ቅርንጫፍ📲0973611819

🔖
💬  በTelegram ለማዘዝ ⤵️ ይጠቀሙ
@shager_onlinestore
  
ለተጨማሪ ማብራሪያ የቴሌግራም ገፃችን⤵️
https://t.me/Shageronlinestore",2025-05-17T10:14:32+00:00,,ለኪችንዎ ውበት እጅግ ተመራጭ ውሀ የማያስገባ ቅባት ዘይት ነገሮች እሳት እና ተቀጣጣይ ነገሮችን የሚቋቋም ለኪችን ካቢኔት ለካቢኔት መሳቢያወች ለኪችንዎ ግርግዳ ኪችንዎትን ውብ እና ፅዱ ለማድረግ ተመራጭ ዋጋ፦ ብር ዉስን ፍሬ ነው ያለን አድራሻ ቁ መገናኛ ታሜ ጋስ ህንፃ ጎን ስሪ ኤም ሲቲ ሞል ሁለተኛ ፎቅ ቢሮ ቁ ከ ሊፍቱ ፊት ለ ፊት ቁ ለቡ መዳህኒዓለም ቤተ ክርስቲያን ፊት ለፊት ዛም ሞል ኛ ፎቅ ቢሮ ቁጥር ለቡ ቅርንጫፍ በ ለማዘዝ ይጠቀሙ ለተጨማሪ ማብራሪያ የቴሌግራም ገፃችን
Sheger online-store,@Shageronlinestore,7137,"📣 Brother® impluse sealer for pp/pe 

✔️ የላስቲክ ማሸጊያ
✔️ በኤሌክትሪክ የሚሰራ
✔️ለባልትና  ነጋዴዎች አስፈላጊ ዕቃ
  
      ዋጋ:-20cm👉2100ብር
             30cm 👉2400 ብር
             40cm👉3200ብር

አድራሻ  ቁ.1👉 ስሪ ኤም ሲቲ ሞል  ሁለተኛ ፎቅ ቢሮ ቁ. SL-05A(ከ ሊፍቱ ፊት ለ ፊት)

📍ቁ.2 👉ለቡ  መዳህኒዓለም ቤተ/ክርስቲያን ፊት ለፊት  #ዛም_ሞል 2ኛ ፎቅ ቢሮ ቁጥር.214

👍ለቡ ቅርንጫፍ📲0973611819


    📲 0909522840
    📲 0923350054

🔖
💬  በTelegram ለማዘዝ ⤵️ ይጠቀሙ
@shager_onlinestore
  
ለተጨማሪ ማብራሪያ የቴሌግራም ገፃችን⤵️
https://t.me/Shageronlinestore",2025-05-17T07:06:10+00:00,telegram_media\@Shageronlinestore_7137_1750610239.jpg,የላስቲክ ማሸጊያ በኤሌክትሪክ የሚሰራ ለባልትና ነጋዴዎች አስፈላጊ ዕቃ ዋጋ ብር ብር ብር አድራሻ ቁ ስሪ ኤም ሲቲ ሞል ሁለተኛ ፎቅ ቢሮ ቁ ከ ሊፍቱ ፊት ለ ፊት ቁ ለቡ መዳህኒዓለም ቤተ ክርስቲያን ፊት ለፊት ዛም ሞል ኛ ፎቅ ቢሮ ቁጥር ለቡ ቅርንጫፍ በ ለማዘዝ ይጠቀሙ ለተጨማሪ ማብራሪያ የቴሌግራም ገፃችን
Sheger online-store,@Shageronlinestore,7136,"💥 Kemei የፀጉር ማስተካከያ

👉የራስ ፀጉር እና ፂምን በስርአት እና በጥራት ለማስተካከል አስተማማኝ ማሽን 
👉በሚፈልጉት መጠን ለመቁረጥ መቀያየሪ ቁጥሮች ያሉት 
👉በቻርጅ የሚሰራ አስተማምኝ ባትሪ

    💥 Kemei professional hair clipper 
👉High quality material 
👉Professional Hair Clippers
👉Adjustable Taper Lever
👉chargeable and strong battery

     ዋጋ-2300ብር✅


🏢 አድራሻ ቁ.1 👉 መገናኛ ታሜ ጋስ ህንፃ ጎን ስሪ ኤም ሲቲ ሞል  ሁለተኛ ፎቅ ቢሮ ቁ. SL-05A(ከ ሊፍቱ ፊት ለ ፊት)

📍ቁ.2 👉ለቡ  መዳህኒዓለም ቤተ/ክርስቲያን 100ሜ ወደ ሙዚቃ ቤት ከፍ ብሎ  #ዛም_ሞል 2ኛ ፎቅ ቢሮ.ቁ 214


    📲 0909522840
    📲 0923350054

👍ለቡ ቅርንጫፍ📲0973611819


🔖
💬  በTelegram ለማዘዝ ⤵️ ይጠቀሙ
@shager_onlinestore
  
ለተጨማሪ ማብራሪያ የቴሌግራም ገፃችን⤵️
https://t.me/Shageronlinestore",2025-05-16T16:39:22+00:00,telegram_media\@Shageronlinestore_7136_1750610240.jpg,የፀጉር ማስተካከያ የራስ ፀጉር እና ፂምን በስርአት እና በጥራት ለማስተካከል አስተማማኝ ማሽን በሚፈልጉት መጠን ለመቁረጥ መቀያየሪ ቁጥሮች ያሉት በቻርጅ የሚሰራ አስተማምኝ ባትሪ ዋጋ ብር አድራሻ ቁ መገናኛ ታሜ ጋስ ህንፃ ጎን ስሪ ኤም ሲቲ ሞል ሁለተኛ ፎቅ ቢሮ ቁ ከ ሊፍቱ ፊት ለ ፊት ቁ ለቡ መዳህኒዓለም ቤተ ክርስቲያን ሜ ወደ ሙዚቃ ቤት ከፍ ብሎ ዛም ሞል ኛ ፎቅ ቢሮ ቁ ለቡ ቅርንጫፍ በ ለማዘዝ ይጠቀሙ ለተጨማሪ ማብራሪያ የቴሌግራም ገፃችን
Sheger online-store,@Shageronlinestore,7135,,2025-05-16T14:34:11+00:00,telegram_media\@Shageronlinestore_7135_1750610243.jpg,
Sheger online-store,@Shageronlinestore,7134,"🍀3**pcs ኳሊቲ የወጥ ማቅረቢያ

**✌️ **3 የተለያየ መጠን ያላቸዉ ✌️የማይዝግ፣የማይጫጫር፣የማይመክ
**✌️** እሳት ላይ መጣድ የሚችል
**✌️** ጠንካራና አስተማማኝ እቃ
**✌️**እጄታዉ የእንጨት የማያቃጥል** **
**✌️** ለአጠቃቀም ምቹ**

          ዋጋ:-2800ብር

🏢 አድራሻ ቁ.1 👉 መገናኛ ታሜ ጋስ ህንፃ ጎን ስሪ ኤም ሲቲ ሞል  ሁለተኛ ፎቅ ቢሮ ቁ. SL-05A(ከ ሊፍቱ ፊት ለ ፊት)

📍ቁ.2 👉ለቡ  መዳህኒዓለም ቤተ/ክርስቲያን 100ሜ ወደ ሙዚቃ ቤት ከፍ ብሎ  #ዛም_ሞል 2ኛ ፎቅ ቢሮ.ቁ 214


    📲 0909522840
    📲 0923350054

👍ለቡ ቅርንጫፍ📲0973611819


🔖
💬  በTelegram ለማዘዝ ⤵️ ይጠቀሙ
@shager_onlinestore
  
ለተጨማሪ ማብራሪያ የቴሌግራም ገፃችን⤵️
https://t.me/Shageronlinestore",2025-05-16T14:34:11+00:00,telegram_media\@Shageronlinestore_7134_1750615674.jpg,ኳሊቲ የወጥ ማቅረቢያ የተለያየ መጠን ያላቸዉ የማይዝግ፣የማይጫጫር፣የማይመክ እሳት ላይ መጣድ የሚችል ጠንካራና አስተማማኝ እቃ እጄታዉ የእንጨት የማያቃጥል ለአጠቃቀም ምቹ ዋጋ ብር አድራሻ ቁ መገናኛ ታሜ ጋስ ህንፃ ጎን ስሪ ኤም ሲቲ ሞል ሁለተኛ ፎቅ ቢሮ ቁ ከ ሊፍቱ ፊት ለ ፊት ቁ ለቡ መዳህኒዓለም ቤተ ክርስቲያን ሜ ወደ ሙዚቃ ቤት ከፍ ብሎ ዛም ሞል ኛ ፎቅ ቢሮ ቁ ለቡ ቅርንጫፍ በ ለማዘዝ ይጠቀሙ ለተጨማሪ ማብራሪያ የቴሌግራም ገፃችን
Sheger online-store,@Shageronlinestore,7133,"💥ONLY BABY® Manual Breast Pump 

        💯orginal

⭐️Compact design
⭐️Easy to clean and assemble
⭐️Light   weight and portable
⭐️Natural   bottle and teat

ዋጋ፦  💰🏷  1200 ብር

❌ውስን ፍሬ ነው ያለው

🏢 አድራሻ  ቁ.1👉 ስሪ ኤም ሲቲ ሞል  ሁለተኛ ፎቅ ቢሮ ቁ. SL-05A(ከ ሊፍቱ ፊት ለ ፊት)

📍ቁ.2 👉ለቡ  መዳህኒዓለም ቤተ/ክርስቲያን ፊት ለፊት  #ዛም_ሞል 2ኛ ፎቅ ቢሮ ቁጥር.214

👍ለቡ ቅርንጫፍ📲0973611819



     💧💧💧💧


    📲 0909522840
    📲 0923350054

🔖
💬  በTelegram ለማዘዝ ⤵️ ይጠቀሙ
@shager_onlinestore
  
ለተጨማሪ ማብራሪያ የቴሌግራም ገፃችን⤵️
https://t.me/Shageronlinestore",2025-05-16T09:50:18+00:00,telegram_media\@Shageronlinestore_7133_1750615687.jpg,ዋጋ፦ ብር ውስን ፍሬ ነው ያለው አድራሻ ቁ ስሪ ኤም ሲቲ ሞል ሁለተኛ ፎቅ ቢሮ ቁ ከ ሊፍቱ ፊት ለ ፊት ቁ ለቡ መዳህኒዓለም ቤተ ክርስቲያን ፊት ለፊት ዛም ሞል ኛ ፎቅ ቢሮ ቁጥር ለቡ ቅርንጫፍ በ ለማዘዝ ይጠቀሙ ለተጨማሪ ማብራሪያ የቴሌግራም ገፃችን
Sheger online-store,@Shageronlinestore,7132,"💥Only baby 3in1 double bottle milk warmer,sterilizer,food steamer

        ዋጋ:-3200ብር✅

❌ውስን ፍሬ ነው ያለው

🏢 አድራሻ  ቁ.1👉 ስሪ ኤም ሲቲ ሞል  ሁለተኛ ፎቅ ቢሮ ቁ. SL-05A(ከ ሊፍቱ ፊት ለ ፊት)

📍ቁ.2 👉ለቡ  መዳህኒዓለም ቤተ/ክርስቲያን ፊት ለፊት  #ዛም_ሞል 2ኛ ፎቅ ቢሮ ቁጥር.214

👍ለቡ ቅርንጫፍ📲0973611819



     💧💧💧💧


    📲 0909522840
    📲 0923350054

🔖
💬  በTelegram ለማዘዝ ⤵️ ይጠቀሙ
@shager_onlinestore
  
ለተጨማሪ ማብራሪያ የቴሌግራም ገፃችን⤵️
https://t.me/Shageronlinestore",2025-05-16T06:31:40+00:00,telegram_media\@Shageronlinestore_7132_1750615703.jpg,ዋጋ ብር ውስን ፍሬ ነው ያለው አድራሻ ቁ ስሪ ኤም ሲቲ ሞል ሁለተኛ ፎቅ ቢሮ ቁ ከ ሊፍቱ ፊት ለ ፊት ቁ ለቡ መዳህኒዓለም ቤተ ክርስቲያን ፊት ለፊት ዛም ሞል ኛ ፎቅ ቢሮ ቁጥር ለቡ ቅርንጫፍ በ ለማዘዝ ይጠቀሙ ለተጨማሪ ማብራሪያ የቴሌግራም ገፃችን
Sheger online-store,@Shageronlinestore,7131,"➡️ Door Bottom Seal Strip Stopper 
💯 High Quality 
®️ አንደኛው ወፍራሙ 

✅Keep Hot and Cold Air isolated 
✅ Reduce The Noise Outside and Door slamming 
✅ No 🦟 🪰 🐀 🪳🕷️🐛🦗
    
Size  93cm * 10cm 

   💰ዋጋ፦  ✅ 400 ብር 


🏢 አድራሻ  ቁ.1👉 መገናኛ ስሪ ኤም ሲቲ ሞል  ሁለተኛ ፎቅ ቢሮ ቁ. SL-05A(ከ ሊፍቱ ፊት ለ ፊት)

📍ቁ.2 👉ለቡ  መዳህኒዓለም ቤተ/ክርስቲያን ፊት ለፊት  #ዛም_ሞል 2ኛ ፎቅ ቢሮ ቁጥር.214


👍ለቡ ቅርንጫፍ📲0973611819



    📲 0909522840
    📲 0923350054

🔖
💬  በTelegram ለማዘዝ ⤵️ ይጠቀሙ
@shager_onlinestore
  
ለተጨማሪ ማብራሪያ የቴሌግራም ገፃችን⤵️
https://t.me/Shageronlinestore",2025-05-15T16:58:44+00:00,,አንደኛው ወፍራሙ ዋጋ፦ ብር አድራሻ ቁ መገናኛ ስሪ ኤም ሲቲ ሞል ሁለተኛ ፎቅ ቢሮ ቁ ከ ሊፍቱ ፊት ለ ፊት ቁ ለቡ መዳህኒዓለም ቤተ ክርስቲያን ፊት ለፊት ዛም ሞል ኛ ፎቅ ቢሮ ቁጥር ለቡ ቅርንጫፍ በ ለማዘዝ ይጠቀሙ ለተጨማሪ ማብራሪያ የቴሌግራም ገፃችን
Sheger online-store,@Shageronlinestore,7130,"⚡️ Door Bottom Seal Strip Stopper 
💯 High Quality 
®️ አንደኛው ወፍራሙ 

✅Keep Hot and Cold Air isolated 
✅ Reduce The Noise Outside and Door slamming 
✅ No 🦟 🪰 🐀 🪳🕷️🐛🦗
    
Size  93cm * 10cm 

   💰ዋጋ፦  🔠 400 ብር 


🏢 አድራሻ  ቁ.1👉 መገናኛ ስሪ ኤም ሲቲ ሞል  ሁለተኛ ፎቅ ቢሮ ቁ. SL-05A(ከ ሊፍቱ ፊት ለ ፊት)

📍ቁ.2 👉ለቡ  መዳህኒዓለም ቤተ/ክርስቲያን ፊት ለፊት  #ዛም_ሞል 2ኛ ፎቅ ቢሮ ቁጥር.214


👍ለቡ ቅርንጫፍ📲0973611819



    📲 0909522840
    📲 0923350054

🔖
💬  በTelegram ለማዘዝ ⤵️ ይጠቀሙ
@shager_onlinestore
  
ለተጨማሪ ማብራሪያ የቴሌግራም ገፃችን⤵️
https://t.me/Shageronlinestore",2025-05-15T16:58:44+00:00,telegram_media\@Shageronlinestore_7130_1750615717.jpg,አንደኛው ወፍራሙ ዋጋ፦ ብር አድራሻ ቁ መገናኛ ስሪ ኤም ሲቲ ሞል ሁለተኛ ፎቅ ቢሮ ቁ ከ ሊፍቱ ፊት ለ ፊት ቁ ለቡ መዳህኒዓለም ቤተ ክርስቲያን ፊት ለፊት ዛም ሞል ኛ ፎቅ ቢሮ ቁጥር ለቡ ቅርንጫፍ በ ለማዘዝ ይጠቀሙ ለተጨማሪ ማብራሪያ የቴሌግራም ገፃችን
Sheger online-store,@Shageronlinestore,7129,,2025-05-15T12:10:11+00:00,telegram_media\@Shageronlinestore_7129_1750615723.jpg,
Sheger online-store,@Shageronlinestore,7128,,2025-05-15T12:10:11+00:00,telegram_media\@Shageronlinestore_7128_1750615733.jpg,
Sheger online-store,@Shageronlinestore,7127,,2025-05-15T12:10:11+00:00,telegram_media\@Shageronlinestore_7127_1750615736.jpg,
Sheger online-store,@Shageronlinestore,7126,,2025-05-15T12:10:11+00:00,telegram_media\@Shageronlinestore_7126_1750615742.jpg,
Sheger online-store,@Shageronlinestore,7125,"🍀Potty Training Seat with Ladder

✌️መቀመጫው ስፖንጅ

✌️ Toddler Toilet Seat for Boys & Girls Adjusts to Fit Most Toilets

✌️  Folds to Become Potty Seat for Toddler 

✌️Easy & Safe Potty Chair

     ዋጋ:-3300ብር

ውስን ፍሬ ነው የቀረው 🔥

🏢 አድራሻ ቁ.1 👉 መገናኛ ታሜ ጋስ ህንፃ ጎን ስሪ ኤም ሲቲ ሞል  ሁለተኛ ፎቅ ቢሮ ቁ. SL-05A(ከ ሊፍቱ ፊት ለ ፊት)

📍ቁ.2 👉ለቡ  መዳህኒዓለም ቤተ/ክርስቲያን 100ሜ ወደ ሙዚቃ ቤት ከፍ ብሎ  #ዛም_ሞል 2ኛ ፎቅ ቢሮ.ቁ 214


    📲 0909522840
    📲 0923350054

👍ለቡ ቅርንጫፍ📲0973611819


🔖
💬  በTelegram ለማዘዝ ⤵️ ይጠቀሙ
@shager_onlinestore
  
ለተጨማሪ ማብራሪያ የቴሌግራም ገፃችን⤵️
https://t.me/Shageronlinestore",2025-05-15T12:10:11+00:00,telegram_media\@Shageronlinestore_7125_1750615744.jpg,መቀመጫው ስፖንጅ ዋጋ ብር ውስን ፍሬ ነው የቀረው አድራሻ ቁ መገናኛ ታሜ ጋስ ህንፃ ጎን ስሪ ኤም ሲቲ ሞል ሁለተኛ ፎቅ ቢሮ ቁ ከ ሊፍቱ ፊት ለ ፊት ቁ ለቡ መዳህኒዓለም ቤተ ክርስቲያን ሜ ወደ ሙዚቃ ቤት ከፍ ብሎ ዛም ሞል ኛ ፎቅ ቢሮ ቁ ለቡ ቅርንጫፍ በ ለማዘዝ ይጠቀሙ ለተጨማሪ ማብራሪያ የቴሌግራም ገፃችን
Sheger online-store,@Shageronlinestore,7124,"💥**Flame Aroma Diffuser Humidifier**

👉**በኤሌክትሪክ የሚሰራ 
👉 ለቤት መልካም መዓዛን የሚሰጥ**


🚩Purify the air & Beautify the Environment


👉__very effective: Usb power interface, convenient and quick operation, can be used anywhere.__

           **   ዋጋ፦ 1,500 ብር**

🏢 አድራሻ  ቁ.1👉 መገናኛ ስሪ ኤም ሲቲ ሞል  ሁለተኛ ፎቅ ቢሮ ቁ. SL-05A(ከ ሊፍቱ ፊት ለ ፊት)

📍ቁ.2 👉ለቡ  መዳህኒዓለም ቤተ/ክርስቲያን ፊት ለፊት  #ዛም_ሞል 2ኛ ፎቅ ቢሮ ቁጥር.214


👍ለቡ ቅርንጫፍ📲0973611819



    📲 0909522840
    📲 0923350054

🔖
💬  በTelegram ለማዘዝ ⤵️ ይጠቀሙ
@shager_onlinestore
  
ለተጨማሪ ማብራሪያ የቴሌግራም ገፃችን⤵️
https://t.me/Shageronlinestore",2025-05-15T06:42:49+00:00,,በኤሌክትሪክ የሚሰራ ለቤት መልካም መዓዛን የሚሰጥ ዋጋ፦ ብር አድራሻ ቁ መገናኛ ስሪ ኤም ሲቲ ሞል ሁለተኛ ፎቅ ቢሮ ቁ ከ ሊፍቱ ፊት ለ ፊት ቁ ለቡ መዳህኒዓለም ቤተ ክርስቲያን ፊት ለፊት ዛም ሞል ኛ ፎቅ ቢሮ ቁጥር ለቡ ቅርንጫፍ በ ለማዘዝ ይጠቀሙ ለተጨማሪ ማብራሪያ የቴሌግራም ገፃችን
Sheger online-store,@Shageronlinestore,7123,,2025-05-15T06:40:13+00:00,telegram_media\@Shageronlinestore_7123_1750615746.jpg,
Sheger online-store,@Shageronlinestore,7122,,2025-05-15T06:40:13+00:00,telegram_media\@Shageronlinestore_7122_1750615747.jpg,
Sheger online-store,@Shageronlinestore,7121,"💥**Flame Aroma Diffuser Humidifier**

👉**በኤሌክትሪክ የሚሰራ 
👉 ለቤት መልካም መዓዛን የሚሰጥ**


🚩Purify the air & Beautify the Environment


👉__very effective: Usb power interface, convenient and quick operation, can be used anywhere.__

           **   ዋጋ፦ 1,500 ብር**

🏢 አድራሻ  ቁ.1👉 መገናኛ ስሪ ኤም ሲቲ ሞል  ሁለተኛ ፎቅ ቢሮ ቁ. SL-05A(ከ ሊፍቱ ፊት ለ ፊት)

📍ቁ.2 👉ለቡ  መዳህኒዓለም ቤተ/ክርስቲያን ፊት ለፊት  #ዛም_ሞል 2ኛ ፎቅ ቢሮ ቁጥር.214


👍ለቡ ቅርንጫፍ📲0973611819



    📲 0909522840
    📲 0923350054

🔖
💬  በTelegram ለማዘዝ ⤵️ ይጠቀሙ
@shager_onlinestore
  
ለተጨማሪ ማብራሪያ የቴሌግራም ገፃችን⤵️
https://t.me/Shageronlinestore",2025-05-15T06:40:12+00:00,telegram_media\@Shageronlinestore_7121_1750615749.jpg,በኤሌክትሪክ የሚሰራ ለቤት መልካም መዓዛን የሚሰጥ ዋጋ፦ ብር አድራሻ ቁ መገናኛ ስሪ ኤም ሲቲ ሞል ሁለተኛ ፎቅ ቢሮ ቁ ከ ሊፍቱ ፊት ለ ፊት ቁ ለቡ መዳህኒዓለም ቤተ ክርስቲያን ፊት ለፊት ዛም ሞል ኛ ፎቅ ቢሮ ቁጥር ለቡ ቅርንጫፍ በ ለማዘዝ ይጠቀሙ ለተጨማሪ ማብራሪያ የቴሌግራም ገፃችን
Sheger online-store,@Shageronlinestore,7120,"💥Creative 6 layer Shoe Rack

🔰የጫማ ማስቀመጫ
🔰 ባለ ስድስት ደረጃ
🔰 ቦታ ቆጣቢ
🔰 ሲዘረጋ 27cm*27cm*86cm ስፋት
🔰 ከጠንካራ ፕላስቲክ የተሰራ
🔰ገጠማ የማይፈልግ
🔰6 ጥንድ ጫማዎችን ይይዛል

        ዋጋ፦1900 ብር✅
   

♦️ውስን ፍሬ ነው ያለው

🏢 አድራሻ  ቁ.1👉 መገናኛ ስሪ ኤም ሲቲ ሞል  ሁለተኛ ፎቅ ቢሮ ቁ. SL-05A(ከ ሊፍቱ ፊት ለ ፊት)

📍ቁ.2 👉ለቡ  መዳህኒዓለም ቤተ/ክርስቲያን ፊት ለፊት  #ዛም_ሞል 2ኛ ፎቅ ቢሮ ቁጥር.214


👍ለቡ ቅርንጫፍ📲0973611819



    📲 0909522840
    📲 0923350054

🔖
💬  በTelegram ለማዘዝ ⤵️ ይጠቀሙ
@shager_onlinestore
  
ለተጨማሪ ማብራሪያ የቴሌግራም ገፃችን⤵️
https://t.me/Shageronlinestore",2025-05-14T14:22:10+00:00,telegram_media\@Shageronlinestore_7120_1750615754.jpg,የጫማ ማስቀመጫ ባለ ስድስት ደረጃ ቦታ ቆጣቢ ሲዘረጋ ስፋት ከጠንካራ ፕላስቲክ የተሰራ ገጠማ የማይፈልግ ጥንድ ጫማዎችን ይይዛል ዋጋ፦ ብር ውስን ፍሬ ነው ያለው አድራሻ ቁ መገናኛ ስሪ ኤም ሲቲ ሞል ሁለተኛ ፎቅ ቢሮ ቁ ከ ሊፍቱ ፊት ለ ፊት ቁ ለቡ መዳህኒዓለም ቤተ ክርስቲያን ፊት ለፊት ዛም ሞል ኛ ፎቅ ቢሮ ቁጥር ለቡ ቅርንጫፍ በ ለማዘዝ ይጠቀሙ ለተጨማሪ ማብራሪያ የቴሌግራም ገፃችን
Sheger online-store,@Shageronlinestore,7119,"💥Creative 6 layer Shoe Rack

🔰የጫማ ማስቀመጫ
🔰 ባለ ስድስት ደረጃ
🔰 ቦታ ቆጣቢ
🔰 ሲዘረጋ 27cm*27cm*86cm ስፋት
🔰 ከጠንካራ ፕላስቲክ የተሰራ
🔰ገጠማ የማይፈልግ
🔰6 ጥንድ ጫማዎችን ይይዛል

        ዋጋ፦1900 ብር✅
   

♦️ውስን ፍሬ ነው ያለው

🏢 አድራሻ  ቁ.1👉 መገናኛ ስሪ ኤም ሲቲ ሞል  ሁለተኛ ፎቅ ቢሮ ቁ. SL-05A(ከ ሊፍቱ ፊት ለ ፊት)

📍ቁ.2 👉ለቡ  መዳህኒዓለም ቤተ/ክርስቲያን ፊት ለፊት  #ዛም_ሞል 2ኛ ፎቅ ቢሮ ቁጥር.214


👍ለቡ ቅርንጫፍ📲0973611819



    📲 0909522840
    📲 0923350054

🔖
💬  በTelegram ለማዘዝ ⤵️ ይጠቀሙ
@shager_onlinestore
  
ለተጨማሪ ማብራሪያ የቴሌግራም ገፃችን⤵️
https://t.me/Shageronlinestore",2025-05-14T14:22:10+00:00,,የጫማ ማስቀመጫ ባለ ስድስት ደረጃ ቦታ ቆጣቢ ሲዘረጋ ስፋት ከጠንካራ ፕላስቲክ የተሰራ ገጠማ የማይፈልግ ጥንድ ጫማዎችን ይይዛል ዋጋ፦ ብር ውስን ፍሬ ነው ያለው አድራሻ ቁ መገናኛ ስሪ ኤም ሲቲ ሞል ሁለተኛ ፎቅ ቢሮ ቁ ከ ሊፍቱ ፊት ለ ፊት ቁ ለቡ መዳህኒዓለም ቤተ ክርስቲያን ፊት ለፊት ዛም ሞል ኛ ፎቅ ቢሮ ቁጥር ለቡ ቅርንጫፍ በ ለማዘዝ ይጠቀሙ ለተጨማሪ ማብራሪያ የቴሌግራም ገፃችን
Sheger online-store,@Shageronlinestore,7118,,2025-05-14T12:16:06+00:00,telegram_media\@Shageronlinestore_7118_1750615761.jpg,
Sheger online-store,@Shageronlinestore,7117,,2025-05-14T12:16:06+00:00,telegram_media\@Shageronlinestore_7117_1750615764.jpg,
Sheger online-store,@Shageronlinestore,7116,,2025-05-14T12:16:05+00:00,telegram_media\@Shageronlinestore_7116_1750615766.jpg,
Sheger online-store,@Shageronlinestore,7115,"🍀8pc kids  wash clothes 

✌️የልጆች መጠራረጊያ
✌️ማጠቢያ
✌️ልብሳቸው እንዳይበላሽ አንገት ላይ የሚደረግ
✌️ለብዙ አገልግሎት የሚሆን ለስላሳ ፎጣ

          ዋጋ:-550ብር

ውስን ፍሬ ነው የቀረው 🔥

🏢 አድራሻ ቁ.1 👉 መገናኛ ታሜ ጋስ ህንፃ ጎን ስሪ ኤም ሲቲ ሞል  ሁለተኛ ፎቅ ቢሮ ቁ. SL-05A(ከ ሊፍቱ ፊት ለ ፊት)

📍ቁ.2 👉ለቡ  መዳህኒዓለም ቤተ/ክርስቲያን 100ሜ ወደ ሙዚቃ ቤት ከፍ ብሎ  #ዛም_ሞል 2ኛ ፎቅ ቢሮ.ቁ 214


    📲 0909522840
    📲 0923350054

👍ለቡ ቅርንጫፍ📲0973611819


🔖
💬  በTelegram ለማዘዝ ⤵️ ይጠቀሙ
@shager_onlinestore
  
ለተጨማሪ ማብራሪያ የቴሌግራም ገፃችን⤵️
https://t.me/Shageronlinestore",2025-05-14T12:16:05+00:00,telegram_media\@Shageronlinestore_7115_1750615768.jpg,የልጆች መጠራረጊያ ማጠቢያ ልብሳቸው እንዳይበላሽ አንገት ላይ የሚደረግ ለብዙ አገልግሎት የሚሆን ለስላሳ ፎጣ ዋጋ ብር ውስን ፍሬ ነው የቀረው አድራሻ ቁ መገናኛ ታሜ ጋስ ህንፃ ጎን ስሪ ኤም ሲቲ ሞል ሁለተኛ ፎቅ ቢሮ ቁ ከ ሊፍቱ ፊት ለ ፊት ቁ ለቡ መዳህኒዓለም ቤተ ክርስቲያን ሜ ወደ ሙዚቃ ቤት ከፍ ብሎ ዛም ሞል ኛ ፎቅ ቢሮ ቁ ለቡ ቅርንጫፍ በ ለማዘዝ ይጠቀሙ ለተጨማሪ ማብራሪያ የቴሌግራም ገፃችን
Sheger online-store,@Shageronlinestore,7114,,2025-05-14T08:22:15+00:00,telegram_media\@Shageronlinestore_7114_1750615774.jpg,
Sheger online-store,@Shageronlinestore,7113,,2025-05-14T08:22:15+00:00,telegram_media\@Shageronlinestore_7113_1750615793.jpg,
Sheger online-store,@Shageronlinestore,7112,,2025-05-14T08:22:15+00:00,telegram_media\@Shageronlinestore_7112_1750615795.jpg,
Sheger online-store,@Shageronlinestore,7111,"📣 Ceramic Mug

✔️ 400 ሚሊ የሚይዝ
✔️ወፍራም ቶሎ የማያቀዘቅዝ
✔️ ክዳኑ ግጥም ብሎ የሚዘጋ
✔️  የእንጨት መቀመጫ  ስላለው አይንሸራተትም
✔️ ለጉዞ፣መኪና ውስጥ፣ቤትና ቢሮዎ ውስጥ የሚወዱትን ፈሳሽ ለመጠጣት የሚመች

     ዋጋ:- 650 ብር💵

ውስን ፍሬ ነው የቀረው 🔥

🏢 አድራሻ ቁ.1 👉 መገናኛ ታሜ ጋስ ህንፃ ጎን ስሪ ኤም ሲቲ ሞል  ሁለተኛ ፎቅ ቢሮ ቁ. SL-05A(ከ ሊፍቱ ፊት ለ ፊት)

📍ቁ.2 👉ለቡ  መዳህኒዓለም ቤተ/ክርስቲያን 100ሜ ወደ ሙዚቃ ቤት ከፍ ብሎ  #ዛም_ሞል 2ኛ ፎቅ ቢሮ.ቁ 214


    📲 0909522840
    📲 0923350054

👍ለቡ ቅርንጫፍ📲0973611819


🔖
💬  በTelegram ለማዘዝ ⤵️ ይጠቀሙ
@shager_onlinestore
  
ለተጨማሪ ማብራሪያ የቴሌግራም ገፃችን⤵️
https://t.me/Shageronlinestore",2025-05-14T08:22:15+00:00,telegram_media\@Shageronlinestore_7111_1750615800.jpg,ሚሊ የሚይዝ ወፍራም ቶሎ የማያቀዘቅዝ ክዳኑ ግጥም ብሎ የሚዘጋ የእንጨት መቀመጫ ስላለው አይንሸራተትም ለጉዞ፣መኪና ውስጥ፣ቤትና ቢሮዎ ውስጥ የሚወዱትን ፈሳሽ ለመጠጣት የሚመች ዋጋ ብር ውስን ፍሬ ነው የቀረው አድራሻ ቁ መገናኛ ታሜ ጋስ ህንፃ ጎን ስሪ ኤም ሲቲ ሞል ሁለተኛ ፎቅ ቢሮ ቁ ከ ሊፍቱ ፊት ለ ፊት ቁ ለቡ መዳህኒዓለም ቤተ ክርስቲያን ሜ ወደ ሙዚቃ ቤት ከፍ ብሎ ዛም ሞል ኛ ፎቅ ቢሮ ቁ ለቡ ቅርንጫፍ በ ለማዘዝ ይጠቀሙ ለተጨማሪ ማብራሪያ የቴሌግራም ገፃችን
Sheger online-store,@Shageronlinestore,7110,"🎯 Magic Silicone Dish Washing Gloves
💯 High Quality (ወፍራሙ)

🧤 ዕቃ ለማጠብ
🧤 ቤት ለማፅዳት
🧤 መኪና ለማጠብ 
🧤 ለተለያየ አገልግሎት የሚውል

    ዋጋ፦ 400 ብር✅

♦️ውስን ፍሬ ነው ያለው

🏢 አድራሻ ቁ.1 👉 መገናኛ ታሜ ጋስ ህንፃ ጎን ስሪ ኤም ሲቲ ሞል  ሁለተኛ ፎቅ ቢሮ ቁ. SL-05A(ከ ሊፍቱ ፊት ለ ፊት)

📍ቁ.2 👉ለቡ  መዳህኒዓለም ቤተ/ክርስቲያን 100ሜ ወደ ሙዚቃ ቤት ከፍ ብሎ  #ዛም_ሞል 2ኛ ፎቅ ቢሮ.ቁ 214


    📲 0909522840
    📲 0923350054

👍ለቡ ቅርንጫፍ📲0973611819


🔖
💬  በTelegram ለማዘዝ ⤵️ ይጠቀሙ
@shager_onlinestore
  
ለተጨማሪ ማብራሪያ የቴሌግራም ገፃችን⤵️
https://t.me/Shageronlinestore",2025-05-13T14:12:10+00:00,,ወፍራሙ ዕቃ ለማጠብ ቤት ለማፅዳት መኪና ለማጠብ ለተለያየ አገልግሎት የሚውል ዋጋ፦ ብር ውስን ፍሬ ነው ያለው አድራሻ ቁ መገናኛ ታሜ ጋስ ህንፃ ጎን ስሪ ኤም ሲቲ ሞል ሁለተኛ ፎቅ ቢሮ ቁ ከ ሊፍቱ ፊት ለ ፊት ቁ ለቡ መዳህኒዓለም ቤተ ክርስቲያን ሜ ወደ ሙዚቃ ቤት ከፍ ብሎ ዛም ሞል ኛ ፎቅ ቢሮ ቁ ለቡ ቅርንጫፍ በ ለማዘዝ ይጠቀሙ ለተጨማሪ ማብራሪያ የቴሌግራም ገፃችን
Sheger online-store,@Shageronlinestore,7109,"🎯 Magic Silicone Dish Washing Gloves
💯 High Quality (ወፍራሙ)

🧤 ዕቃ ለማጠብ
🧤 ቤት ለማፅዳት
🧤 መኪና ለማጠብ 
🧤 ለተለያየ አገልግሎት የሚውል

    ዋጋ፦ 400 ብር✅

♦️ውስን ፍሬ ነው ያለው

🏢 አድራሻ ቁ.1 👉 መገናኛ ታሜ ጋስ ህንፃ ጎን ስሪ ኤም ሲቲ ሞል  ሁለተኛ ፎቅ ቢሮ ቁ. SL-05A(ከ ሊፍቱ ፊት ለ ፊት)

📍ቁ.2 👉ለቡ  መዳህኒዓለም ቤተ/ክርስቲያን 100ሜ ወደ ሙዚቃ ቤት ከፍ ብሎ  #ዛም_ሞል 2ኛ ፎቅ ቢሮ.ቁ 214


    📲 0909522840
    📲 0923350054

👍ለቡ ቅርንጫፍ📲0973611819


🔖
💬  በTelegram ለማዘዝ ⤵️ ይጠቀሙ
@shager_onlinestore
  
ለተጨማሪ ማብራሪያ የቴሌግራም ገፃችን⤵️
https://t.me/Shageronlinestore",2025-05-13T14:10:45+00:00,telegram_media\@Shageronlinestore_7109_1750615807.jpg,ወፍራሙ ዕቃ ለማጠብ ቤት ለማፅዳት መኪና ለማጠብ ለተለያየ አገልግሎት የሚውል ዋጋ፦ ብር ውስን ፍሬ ነው ያለው አድራሻ ቁ መገናኛ ታሜ ጋስ ህንፃ ጎን ስሪ ኤም ሲቲ ሞል ሁለተኛ ፎቅ ቢሮ ቁ ከ ሊፍቱ ፊት ለ ፊት ቁ ለቡ መዳህኒዓለም ቤተ ክርስቲያን ሜ ወደ ሙዚቃ ቤት ከፍ ብሎ ዛም ሞል ኛ ፎቅ ቢሮ ቁ ለቡ ቅርንጫፍ በ ለማዘዝ ይጠቀሙ ለተጨማሪ ማብራሪያ የቴሌግራም ገፃችን
Sheger online-store,@Shageronlinestore,7108,"💥የእግር ማሳጀር (Foot bath massager) 🌞🦶🌞 

🤦‍♂ ብዙ ጊዜ በስራ ላይ ለሚቆሙ ሰዎች ፣ የተረከዝ መሰነጣጠቅ እና በእድሜ ለደከሙ እግር የሚሆን  መፍትሄ ይዘንሎት መተናል።

🦵 የአኩፓንቸር ነጥቦችን ሙሉ በሙሉ በማሸት የደም ዝውውርን ከፍ ማድረግ እና ሰላማዊ እንቅልፍ እንዲያገኙ ይረዳዎታል

🦵የታመሙ ተረከዞችን እና ጣቶችን ለማስታገስ

🦵የደከሙ እግሮችን ለመንከባከብ እና ለማከም የሚረዱ ለስላሳ እና የሚያነቃቁ አረፋዎች የያዘ

🛍Foot bath massager በመጠቀም የእግሮን ጤና እና ልስላሴ ይጠብቁ

👉 heat automatically
👉 shake massage
👉 gas wave oxygenated
👉 infrared physiotherapy 
👍 ለቁርጥማት ለተረከዝ ህመም ፍቱን የሆነ
👍 ለሪህ
👍 ዉበትን ለመጠበቅ የሚስማማ 
👍 ለእግር መዛል ለ ተረከዝ ቁርጥማት 
👍 ለ ደም መርጋት የ ደም ስር መፍታታትን የሚያመጣ

          ዋጋ፦ 4500ብር

❌ውስን ፍሬ ነው ያለው

🏢 አድራሻ  ቁ.1👉 መገናኛ ስሪ ኤም ሲቲ ሞል  ሁለተኛ ፎቅ ቢሮ ቁ. SL-05A(ከ ሊፍቱ ፊት ለ ፊት)


📍ቁ.2 👉ለቡ  መዳህኒዓለም ቤተ/ክርስቲያን ፊት ለፊት  #ዛም_ሞል 2ኛ ፎቅ ቢሮ ቁጥር.214


👍ለቡ ቅርንጫፍ📲0973611819
     💧💧💧💧


    📲 0909522840
    📲 0923350054

🔖
💬  በTelegram ለማዘዝ ⤵️ ይጠቀሙ
@shager_onlinestore
  
ለተጨማሪ ማብራሪያ የቴሌግራም ገፃችን⤵️
https://t.me/Shageronlinestore",2025-05-13T07:47:32+00:00,,የእግር ማሳጀር ብዙ ጊዜ በስራ ላይ ለሚቆሙ ሰዎች ፣ የተረከዝ መሰነጣጠቅ እና በእድሜ ለደከሙ እግር የሚሆን መፍትሄ ይዘንሎት መተናል። የአኩፓንቸር ነጥቦችን ሙሉ በሙሉ በማሸት የደም ዝውውርን ከፍ ማድረግ እና ሰላማዊ እንቅልፍ እንዲያገኙ ይረዳዎታል የታመሙ ተረከዞችን እና ጣቶችን ለማስታገስ የደከሙ እግሮችን ለመንከባከብ እና ለማከም የሚረዱ ለስላሳ እና የሚያነቃቁ አረፋዎች የያዘ በመጠቀም የእግሮን ጤና እና ልስላሴ ይጠብቁ ለቁርጥማት ለተረከዝ ህመም ፍቱን የሆነ ለሪህ ዉበትን ለመጠበቅ የሚስማማ ለእግር መዛል ለ ተረከዝ ቁርጥማት ለ ደም መርጋት የ ደም ስር መፍታታትን የሚያመጣ ዋጋ፦ ብር ውስን ፍሬ ነው ያለው አድራሻ ቁ መገናኛ ስሪ ኤም ሲቲ ሞል ሁለተኛ ፎቅ ቢሮ ቁ ከ ሊፍቱ ፊት ለ ፊት ቁ ለቡ መዳህኒዓለም ቤተ ክርስቲያን ፊት ለፊት ዛም ሞል ኛ ፎቅ ቢሮ ቁጥር ለቡ ቅርንጫፍ በ ለማዘዝ ይጠቀሙ ለተጨማሪ ማብራሪያ የቴሌግራም ገፃችን
Sheger online-store,@Shageronlinestore,7107,,2025-05-13T07:46:56+00:00,telegram_media\@Shageronlinestore_7107_1750615814.jpg,
Sheger online-store,@Shageronlinestore,7106,,2025-05-13T07:46:56+00:00,telegram_media\@Shageronlinestore_7106_1750615816.jpg,
Sheger online-store,@Shageronlinestore,7105,"💥የእግር ማሳጀር (Foot bath massager) 🌞🦶🌞 

🤦‍♂ ብዙ ጊዜ በስራ ላይ ለሚቆሙ ሰዎች ፣ የተረከዝ መሰነጣጠቅ እና በእድሜ ለደከሙ እግር የሚሆን  መፍትሄ ይዘንሎት መተናል።

🦵 የአኩፓንቸር ነጥቦችን ሙሉ በሙሉ በማሸት የደም ዝውውርን ከፍ ማድረግ እና ሰላማዊ እንቅልፍ እንዲያገኙ ይረዳዎታል

🦵የታመሙ ተረከዞችን እና ጣቶችን ለማስታገስ

🦵የደከሙ እግሮችን ለመንከባከብ እና ለማከም የሚረዱ ለስላሳ እና የሚያነቃቁ አረፋዎች የያዘ

🛍Foot bath massager በመጠቀም የእግሮን ጤና እና ልስላሴ ይጠብቁ

👉 heat automatically
👉 shake massage
👉 gas wave oxygenated
👉 infrared physiotherapy 
👍 ለቁርጥማት ለተረከዝ ህመም ፍቱን የሆነ
👍 ለሪህ
👍 ዉበትን ለመጠበቅ የሚስማማ 
👍 ለእግር መዛል ለ ተረከዝ ቁርጥማት 
👍 ለ ደም መርጋት የ ደም ስር መፍታታትን የሚያመጣ

          ዋጋ፦ 4500ብር

❌ውስን ፍሬ ነው ያለው

🏢 አድራሻ  ቁ.1👉 መገናኛ ስሪ ኤም ሲቲ ሞል  ሁለተኛ ፎቅ ቢሮ ቁ. SL-05A(ከ ሊፍቱ ፊት ለ ፊት)


📍ቁ.2 👉ለቡ  መዳህኒዓለም ቤተ/ክርስቲያን ፊት ለፊት  #ዛም_ሞል 2ኛ ፎቅ ቢሮ ቁጥር.214


👍ለቡ ቅርንጫፍ📲0973611819
     💧💧💧💧


    📲 0909522840
    📲 0923350054

🔖
💬  በTelegram ለማዘዝ ⤵️ ይጠቀሙ
@shager_onlinestore
  
ለተጨማሪ ማብራሪያ የቴሌግራም ገፃችን⤵️
https://t.me/Shageronlinestore",2025-05-13T07:46:56+00:00,telegram_media\@Shageronlinestore_7105_1750615822.jpg,የእግር ማሳጀር ብዙ ጊዜ በስራ ላይ ለሚቆሙ ሰዎች ፣ የተረከዝ መሰነጣጠቅ እና በእድሜ ለደከሙ እግር የሚሆን መፍትሄ ይዘንሎት መተናል። የአኩፓንቸር ነጥቦችን ሙሉ በሙሉ በማሸት የደም ዝውውርን ከፍ ማድረግ እና ሰላማዊ እንቅልፍ እንዲያገኙ ይረዳዎታል የታመሙ ተረከዞችን እና ጣቶችን ለማስታገስ የደከሙ እግሮችን ለመንከባከብ እና ለማከም የሚረዱ ለስላሳ እና የሚያነቃቁ አረፋዎች የያዘ በመጠቀም የእግሮን ጤና እና ልስላሴ ይጠብቁ ለቁርጥማት ለተረከዝ ህመም ፍቱን የሆነ ለሪህ ዉበትን ለመጠበቅ የሚስማማ ለእግር መዛል ለ ተረከዝ ቁርጥማት ለ ደም መርጋት የ ደም ስር መፍታታትን የሚያመጣ ዋጋ፦ ብር ውስን ፍሬ ነው ያለው አድራሻ ቁ መገናኛ ስሪ ኤም ሲቲ ሞል ሁለተኛ ፎቅ ቢሮ ቁ ከ ሊፍቱ ፊት ለ ፊት ቁ ለቡ መዳህኒዓለም ቤተ ክርስቲያን ፊት ለፊት ዛም ሞል ኛ ፎቅ ቢሮ ቁጥር ለቡ ቅርንጫፍ በ ለማዘዝ ይጠቀሙ ለተጨማሪ ማብራሪያ የቴሌግራም ገፃችን
Sheger online-store,@Shageronlinestore,7104,"🌀🌀🛒 Multifunction  Juice Extractor: 

💥 🍎🍉🍒🍐🌽🍊ለአፕል ብርቱካን፣ ካሮት፣ አናናስ፣ ቲማቲም… የመሳሰሉትን እየጨመቀ ቆሻሻውን ፡ ለብቻ፡ እያጣራ፡ ውሃውን እየጨመቀ፡ ወደራሱ ጆክ የሚቀዳ፤ 
🧳 የፍራፍሬ፤


     ዋጋ፦ ✅  5,500 ብር

ውስን ፍሬ ነው የቀረው 🔥

🏢 አድራሻ ቁ.1 👉 መገናኛ ታሜ ጋስ ህንፃ ጎን ስሪ ኤም ሲቲ ሞል  ሁለተኛ ፎቅ ቢሮ ቁ. SL-05A(ከ ሊፍቱ ፊት ለ ፊት)

📍ቁ.2 👉ለቡ  መዳህኒዓለም ቤተ/ክርስቲያን 100ሜ ወደ ሙዚቃ ቤት ከፍ ብሎ  #ዛም_ሞል 2ኛ ፎቅ ቢሮ.ቁ 214


    📲 0909522840
    📲 0923350054

👍ለቡ ቅርንጫፍ📲0973611819


🔖
💬  በTelegram ለማዘዝ ⤵️ ይጠቀሙ
@shager_onlinestore
  
ለተጨማሪ ማብራሪያ የቴሌግራም ገፃችን⤵️
https://t.me/Shageronlinestore",2025-05-12T16:44:27+00:00,,ለአፕል ብርቱካን፣ ካሮት፣ አናናስ፣ ቲማቲም የመሳሰሉትን እየጨመቀ ቆሻሻውን ፡ ለብቻ፡ እያጣራ፡ ውሃውን እየጨመቀ፡ ወደራሱ ጆክ የሚቀዳ፤ የፍራፍሬ፤ ዋጋ፦ ብር ውስን ፍሬ ነው የቀረው አድራሻ ቁ መገናኛ ታሜ ጋስ ህንፃ ጎን ስሪ ኤም ሲቲ ሞል ሁለተኛ ፎቅ ቢሮ ቁ ከ ሊፍቱ ፊት ለ ፊት ቁ ለቡ መዳህኒዓለም ቤተ ክርስቲያን ሜ ወደ ሙዚቃ ቤት ከፍ ብሎ ዛም ሞል ኛ ፎቅ ቢሮ ቁ ለቡ ቅርንጫፍ በ ለማዘዝ ይጠቀሙ ለተጨማሪ ማብራሪያ የቴሌግራም ገፃችን
Sheger online-store,@Shageronlinestore,7103,,2025-05-12T16:42:07+00:00,telegram_media\@Shageronlinestore_7103_1750615825.jpg,
Sheger online-store,@Shageronlinestore,7102,,2025-05-12T16:42:07+00:00,telegram_media\@Shageronlinestore_7102_1750615826.jpg,
Sheger online-store,@Shageronlinestore,7101,"🌀🌀🛒 Multifunction  Juice Extractor: 

💥 🍎🍉🍒🍐🌽🍊ለአፕል ብርቱካን፣ ካሮት፣ አናናስ፣ ቲማቲም… የመሳሰሉትን እየጨመቀ ቆሻሻውን ፡ ለብቻ፡ እያጣራ፡ ውሃውን እየጨመቀ፡ ወደራሱ ጆክ የሚቀዳ፤ 
🧳 የፍራፍሬ፤


     ዋጋ፦ ✅  5,500 ብር

ውስን ፍሬ ነው የቀረው 🔥

🏢 አድራሻ ቁ.1 👉 መገናኛ ታሜ ጋስ ህንፃ ጎን ስሪ ኤም ሲቲ ሞል  ሁለተኛ ፎቅ ቢሮ ቁ. SL-05A(ከ ሊፍቱ ፊት ለ ፊት)

📍ቁ.2 👉ለቡ  መዳህኒዓለም ቤተ/ክርስቲያን 100ሜ ወደ ሙዚቃ ቤት ከፍ ብሎ  #ዛም_ሞል 2ኛ ፎቅ ቢሮ.ቁ 214


    📲 0909522840
    📲 0923350054

👍ለቡ ቅርንጫፍ📲0973611819


🔖
💬  በTelegram ለማዘዝ ⤵️ ይጠቀሙ
@shager_onlinestore
  
ለተጨማሪ ማብራሪያ የቴሌግራም ገፃችን⤵️
https://t.me/Shageronlinestore",2025-05-12T16:42:07+00:00,telegram_media\@Shageronlinestore_7101_1750615828.jpg,ለአፕል ብርቱካን፣ ካሮት፣ አናናስ፣ ቲማቲም የመሳሰሉትን እየጨመቀ ቆሻሻውን ፡ ለብቻ፡ እያጣራ፡ ውሃውን እየጨመቀ፡ ወደራሱ ጆክ የሚቀዳ፤ የፍራፍሬ፤ ዋጋ፦ ብር ውስን ፍሬ ነው የቀረው አድራሻ ቁ መገናኛ ታሜ ጋስ ህንፃ ጎን ስሪ ኤም ሲቲ ሞል ሁለተኛ ፎቅ ቢሮ ቁ ከ ሊፍቱ ፊት ለ ፊት ቁ ለቡ መዳህኒዓለም ቤተ ክርስቲያን ሜ ወደ ሙዚቃ ቤት ከፍ ብሎ ዛም ሞል ኛ ፎቅ ቢሮ ቁ ለቡ ቅርንጫፍ በ ለማዘዝ ይጠቀሙ ለተጨማሪ ማብራሪያ የቴሌግራም ገፃችን
Sheger online-store,@Shageronlinestore,7100,"🍁Baby silicon bath brush

👋Bpa free
👋super soft touch for gentle cleansing
👋0+ months

         ዋጋ:-250ብር

🏢 አድራሻ ቁ.1 👉 መገናኛ ታሜ ጋስ ህንፃ ጎን ስሪ ኤም ሲቲ ሞል  ሁለተኛ ፎቅ ቢሮ ቁ. SL-05A(ከ ሊፍቱ ፊት ለ ፊት)

📍ቁ.2 👉ለቡ  መዳህኒዓለም ቤተ/ክርስቲያን 100ሜ ወደ ሙዚቃ ቤት ከፍ ብሎ  #ዛም_ሞል 2ኛ ፎቅ ቢሮ.ቁ 214


    📲 0909522840
    📲 0923350054

👍ለቡ ቅርንጫፍ📲0973611819


🔖
💬  በTelegram ለማዘዝ ⤵️ ይጠቀሙ
@shager_onlinestore
  
ለተጨማሪ ማብራሪያ የቴሌግራም ገፃችን⤵️
https://t.me/Shageronlinestore",2025-05-12T11:41:05+00:00,,ዋጋ ብር አድራሻ ቁ መገናኛ ታሜ ጋስ ህንፃ ጎን ስሪ ኤም ሲቲ ሞል ሁለተኛ ፎቅ ቢሮ ቁ ከ ሊፍቱ ፊት ለ ፊት ቁ ለቡ መዳህኒዓለም ቤተ ክርስቲያን ሜ ወደ ሙዚቃ ቤት ከፍ ብሎ ዛም ሞል ኛ ፎቅ ቢሮ ቁ ለቡ ቅርንጫፍ በ ለማዘዝ ይጠቀሙ ለተጨማሪ ማብራሪያ የቴሌግራም ገፃችን
Sheger online-store,@Shageronlinestore,7099,,2025-05-12T11:38:19+00:00,telegram_media\@Shageronlinestore_7099_1750615829.jpg,
Sheger online-store,@Shageronlinestore,7098,,2025-05-12T11:38:19+00:00,telegram_media\@Shageronlinestore_7098_1750615831.jpg,
Sheger online-store,@Shageronlinestore,7097,,2025-05-12T11:38:19+00:00,telegram_media\@Shageronlinestore_7097_1750615833.jpg,
Sheger online-store,@Shageronlinestore,7096,,2025-05-12T11:38:19+00:00,telegram_media\@Shageronlinestore_7096_1750615835.jpg,
Sheger online-store,@Shageronlinestore,7095,"🍁Baby silicon bath brush

👋Bpa free
👋super soft touch for gentle cleansing
👋0+ months

         ዋጋ:-250ብር

🏢 አድራሻ ቁ.1 👉 መገናኛ ታሜ ጋስ ህንፃ ጎን ስሪ ኤም ሲቲ ሞል  ሁለተኛ ፎቅ ቢሮ ቁ. SL-05A(ከ ሊፍቱ ፊት ለ ፊት)

📍ቁ.2 👉ለቡ  መዳህኒዓለም ቤተ/ክርስቲያን 100ሜ ወደ ሙዚቃ ቤት ከፍ ብሎ  #ዛም_ሞል 2ኛ ፎቅ ቢሮ.ቁ 214


    📲 0909522840
    📲 0923350054

👍ለቡ ቅርንጫፍ📲0973611819


🔖
💬  በTelegram ለማዘዝ ⤵️ ይጠቀሙ
@shager_onlinestore
  
ለተጨማሪ ማብራሪያ የቴሌግራም ገፃችን⤵️
https://t.me/Shageronlinestore",2025-05-12T11:38:19+00:00,telegram_media\@Shageronlinestore_7095_1750615838.jpg,ዋጋ ብር አድራሻ ቁ መገናኛ ታሜ ጋስ ህንፃ ጎን ስሪ ኤም ሲቲ ሞል ሁለተኛ ፎቅ ቢሮ ቁ ከ ሊፍቱ ፊት ለ ፊት ቁ ለቡ መዳህኒዓለም ቤተ ክርስቲያን ሜ ወደ ሙዚቃ ቤት ከፍ ብሎ ዛም ሞል ኛ ፎቅ ቢሮ ቁ ለቡ ቅርንጫፍ በ ለማዘዝ ይጠቀሙ ለተጨማሪ ማብራሪያ የቴሌግራም ገፃችን
